Date,open,high,low,Close,adjusted_close,volume
12-04-2019,2038,2039,2007,2014.5,2014.5,3198081
11-04-2019,2045,2055,2017,2023,2023,2731877
10-04-2019,2083,2085.5,2036,2040.25,2040.25,3313062
09-04-2019,2070,2098,2057.6499,2091.5,2091.5,2690970
08-04-2019,2059,2075,2032.7,2070.75,2070.75,2194294
05-04-2019,2028.65,2054.3999,2018.8,2048.3,2048.3,3152103
04-04-2019,2078.1499,2079.7,2007.4,2014.5,2014.5,4397518
03-04-2019,2085,2089.6001,2058.1001,2079.3,2079.3,2939886
02-04-2019,2037.1,2086,2037,2079.3,2079.3,3719663
01-04-2019,2010,2039.95,2008.25,2031.65,2031.65,2095740
28-03-2019,1980,2014.6,1972.8,2000.3,2000.3,4054489
27-03-2019,1994,1998,1961,1967.9,1967.9,2266166
26-03-2019,1984,1994.95,1958.05,1982.65,1982.65,2316539
25-03-2019,2007.8,2007.8,1977.2,1984.25,1984.25,2429205
22-03-2019,2015,2016,1983.3,2005.65,2005.65,3148149
20-03-2019,2028,2044.8,2000,2015.05,2015.05,3091165
19-03-2019,2030,2030,1995.1,2022.8,2022.8,2373993
18-03-2019,2043,2064.6001,2011,2022.8,2022.8,2349915
15-03-2019,1998.9,2068.95,1991,2039.95,2039.95,5184318
14-03-2019,2004.95,2007.8,1981,1987.4,1987.4,1905495
13-03-2019,2013,2015.9,1978.6,2000.5,2000.5,1833163
12-03-2019,2014.05,2024.8,2003,2012.45,2012.45,2658550
11-03-2019,2028.9,2033,2003.65,2014.8,2014.8,3111689
08-03-2019,2025,2033,2010.05,2022.7,2022.7,2031071
07-03-2019,2005,2024.05,2000.2,2013.3,2013.3,2539884
06-03-2019,1989.3,2015,1985.05,1999.6,1999.6,2635047
05-03-2019,2005,2007,1976.6,1988.1,1988.1,2449622
01-03-2019,1995.05,2005,1980.35,1995.4,1995.4,4148548
28-02-2019,2060,2071.3501,1977.6,1983.45,1983.45,8454295
27-02-2019,2040,2074.95,2022,2058.1001,2058.1001,4732082
26-02-2019,1984,2045.15,1972.25,2038.7,2038.7,6453309
25-02-2019,1932.5,1990,1930.5,1985.15,1985.15,2934880
22-02-2019,1917.2,1930,1905.1,1925.65,1925.65,2271955
21-02-2019,1914.75,1940,1897.05,1914.2,1914.2,4683919
20-02-2019,1915,1933.8,1881.3,1914.75,1914.75,4645778
19-02-2019,1970,1971,1892,1904.8,1904.8,4408554
18-02-2019,2037.6,2041.95,1962.65,1970.3,1970.3,2942184
15-02-2019,2049,2052,2010.95,2029.7,2029.7,1930065
14-02-2019,2060.05,2075,2033.05,2044.6,2044.6,1724085
12-02-2019,2070,2070,2018,2051.6001,2051.6001,2422903
11-02-2019,2060,2096,2048.8999,2065.8999,2065.8999,1778730
08-02-2019,2075,2089.5,2051,2061.3999,2061.3999,1684474
07-02-2019,2074.75,2097.95,2067,2082.8999,2082.8999,1339945
06-02-2019,2049.8999,2086.8501,2041.05,2074.8,2074.8,1789812
05-02-2019,2050,2055,2028,2044.55,2044.55,1111396
04-02-2019,2029.95,2055.45,2023,2050.25,2050.25,1590764
01-02-2019,2009.5,2034.75,1998.1,2029.95,2029.95,3064163
31-01-2019,1987,2019.75,1985,2014.1,2014.1,4094319
30-01-2019,1979.6,1989.5,1954.65,1981.4,1981.4,2429575
29-01-2019,1962,1989.05,1936.65,1982.75,1982.75,2557626
28-01-2019,1933,1962,1925.5,1955,1955,2769033
25-01-2019,1902,1935,1901,1920.8,1920.8,2327080
24-01-2019,1884.8,1905.25,1875,1901.55,1901.55,1962927
23-01-2019,1901,1906.1,1870,1875.6,1875.6,2578169
22-01-2019,1907.1,1918.25,1890,1901.9,1901.9,2457093
21-01-2019,1902,1932,1895.45,1908.7,1908.7,2409803
18-01-2019,1881,1904.2,1876,1900.65,1900.65,1683728
17-01-2019,1878,1898,1871.3,1894.3,1894.3,2625816
16-01-2019,1870,1875,1847,1870.15,1866.15,2359280
15-01-2019,1810,1869.35,1808,1867.8,1863.8051,7711653
14-01-2019,1850,1851,1810,1813.25,1809.3717,3615370
11-01-2019,1870,1875,1835,1842.55,1838.6091,9209862
10-01-2019,1890,1905,1872.1,1888.55,1884.5107,3053461
09-01-2019,1907.4,1919,1866.7,1886.95,1882.9141,2414376
08-01-2019,1905.4,1906.4,1883.3,1893.55,1889.5,1691756
07-01-2019,1891.8,1908.8,1881,1897.9,1893.8407,1856423
04-01-2019,1900,1901.2,1841,1876.85,1872.8357,4280862
03-01-2019,1919,1944.95,1893.1,1899.95,1895.8862,2611668
02-01-2019,1905,1934.45,1900,1923.3,1919.1864,2100463
01-01-2019,1896,1910,1885,1902.8,1898.7302,1094883
31-12-2018,1908,1909,1886.15,1893.05,1889.0011,1879740
28-12-2018,1915,1920,1893,1896.05,1891.9946,2239130
27-12-2018,1909,1941.7,1872.1,1908.95,1904.8669,4968201
26-12-2018,1921.8,1921.8,1870.25,1889.2,1885.1592,2446614
24-12-2018,1905.8,1938.9,1905,1918.5,1914.3966,1864116
21-12-2018,1948,1950,1886.55,1895.8,1891.7452,3729956
20-12-2018,1953.8,1974.9,1946,1954.05,1949.8706,1940277
19-12-2018,1984.8,1984.8,1960.05,1968.45,1964.2397,2498833
18-12-2018,1991.9,2002,1976.4,1987.85,1983.5983,1768742
17-12-2018,1999,2004.9,1985,1994.3,1990.0345,1227921
14-12-2018,1983,1998.95,1975.25,1989.75,1985.4943,2473761
13-12-2018,2024,2029.7,1974.5,1982.6,1978.3595,3748429
12-12-2018,2001.1,2022,1984.95,2016.8,2012.4865,2219993
11-12-2018,1970,2010,1961,2000,1995.7223,2942014
10-12-2018,1975,2011,1960,1975.8,1971.5741,2010786
07-12-2018,1985.05,2003.9,1973,1995.2,1990.9325,1680420
06-12-2018,1998,2017,1979.6,1992.7,1988.4379,2321216
05-12-2018,2006,2018,1985,2006.75,2002.4579,2501539
04-12-2018,1983,2019.4,1971,2010.85,2006.5491,3270615
03-12-2018,1984,1990,1968.3,1982.4,1978.1599,1610576
30-11-2018,1966,1991,1959.85,1968.25,1964.0402,5268901
29-11-2018,1997,1997,1942.55,1960.55,1956.3567,4035441
28-11-2018,1889,1989,1882.5,1983.9,1979.6567,5313249
27-11-2018,1854,1897.9,1835.35,1890.25,1886.207,3344839
26-11-2018,1819,1860,1784.5,1846.1,1842.1515,4333177
22-11-2018,1820,1847.6,1809.95,1812.55,1808.6732,3194219
21-11-2018,1871,1871.05,1798.55,1812,1808.1244,3840461
20-11-2018,1902,1902,1874.2,1878.25,1874.2327,1190182
19-11-2018,1899,1907.35,1864.3,1902.45,1898.3809,1740628
16-11-2018,1889,1899.8,1870.25,1886.6,1882.5648,1829729
15-11-2018,1864,1899,1857.6,1872.85,1868.8442,1829123
14-11-2018,1925,1929.9,1870,1880.65,1876.6276,2422318
13-11-2018,1915,1939,1903,1934.95,1930.8114,1418430
12-11-2018,1908.5,1946.1,1908.5,1914.85,1910.7544,2552008
09-11-2018,1961,1961.95,1905,1909.2,1905.1165,2570479
07-11-2018,1940,1949,1937,1942.15,1937.9961,144530
06-11-2018,1894,1937.5,1891,1932.7,1928.5662,1398710
05-11-2018,1910,1927.35,1884.75,1890.85,1886.8058,1713366
02-11-2018,1934.2,1954.6,1905,1913.45,1909.3574,1818635
01-11-2018,1943.65,1944.35,1901.3,1935.75,1931.6097,2769759
31-10-2018,1900,1943.9,1875.45,1938.15,1934.0046,2769190
30-10-2018,1867,1909.4,1845,1894.8,1890.7473,2404883
29-10-2018,1808.7,1877.95,1784.35,1871,1866.9982,2609483
26-10-2018,1853.9,1853.9,1791.1,1799.1,1795.252,2285970
25-10-2018,1844,1876.9,1825.05,1853,1849.0367,2507233
24-10-2018,1852.05,1874,1811.1,1848.5,1844.5464,2735913
23-10-2018,1888,1898,1837,1843.65,1839.7068,2752811
22-10-2018,1914,1916,1886.95,1903,1894.9384,1778496
19-10-2018,1929,1929,1870.05,1913.2,1905.0951,3428776
17-10-2018,1970,1989,1920,1929.4,1921.2264,2779207
16-10-2018,1958,1971.9,1935,1962.3,1953.9872,2815425
15-10-2018,1940,1955.55,1920,1949.5,1941.2413,2638151
12-10-2018,1978,1978,1903,1918.3,1910.1736,9373289
11-10-2018,1985,2013,1941,1979.95,1971.5623,4700256
10-10-2018,2100,2105.95,2029,2043.6,2034.9426,2749573
09-10-2018,2080.3501,2107.6499,2053.2,2091.8,2082.9385,1867130
08-10-2018,2102.6499,2122.2,2048.1499,2077.55,2068.7488,2010154
05-10-2018,2050,2120,2020.9,2102.6499,2093.7424,3417624
04-10-2018,2156.6001,2156.6499,2056.3501,2064.8,2056.053,4762419
03-10-2018,2250.3,2255,2155.6001,2162.8501,2153.6877,3902322
01-10-2018,2190.8999,2275.95,2190.3501,2255.55,2245.9949,3772208
28-09-2018,2178,2190,2158.8501,2183.7,2174.449,2904371
27-09-2018,2141.8999,2209.7,2135.8,2188.8501,2179.5774,3311802
26-09-2018,2187,2199,2135.1001,2142.1499,2133.075,1970951
25-09-2018,2204.8999,2211.8999,2153.8,2183.2,2173.9514,2868778
24-09-2018,2115,2210.5,2098.1499,2198.45,2189.1367,3032226
21-09-2018,2077,2121,2050.1499,2103.1499,2094.2402,4508530
19-09-2018,2071.8999,2089,2066.8501,2077.8999,2069.0972,1301268
18-09-2018,2073,2078.8,2057.6001,2070.75,2061.9778,1456507
17-09-2018,2070,2077.8,2054.55,2074.1499,2065.3633,1033857
14-09-2018,2044,2071.55,2018.15,2065.3999,2056.6504,3642038
12-09-2018,2052.3501,2068.8999,2040,2043.95,2035.2911,2307661
11-09-2018,2089,2089,2042.2,2046.25,2037.5814,3679745
10-09-2018,2084.3999,2093.3999,2074.25,2080.75,2071.9353,1530539
07-09-2018,2079.3,2084,2065.3999,2079.8501,2071.0393,1312182
06-09-2018,2075,2081.5,2060.3,2075.3,2066.5085,2238097
05-09-2018,2100,2107.25,2075.05,2079.25,2070.4417,1681106
04-09-2018,2059.8,2104.75,2056.95,2098.8999,2090.0083,4420803
03-09-2018,2084.8,2090,2048.3999,2052.8999,2044.2031,1439711
31-08-2018,2082.3,2092,2074,2078.3999,2069.5952,2504554
30-08-2018,2068,2085,2065.5,2082.3999,2073.5784,2408020
29-08-2018,2072.5,2076.6001,2045.6,2072,2063.2224,1525867
28-08-2018,2055,2072,2052,2069.2,2060.4341,1987983
27-08-2018,2043,2059,2035,2050.8999,2042.2117,1532702
24-08-2018,2035.1,2046,2031,2043,2034.3452,1570533
23-08-2018,2022.8,2038,2020.3,2035.1,2026.4786,3046791
21-08-2018,2010.15,2024,2004,2017.65,2009.1027,1376866
20-08-2018,2024,2024,2003.7,2009.95,2001.4352,1587032
17-08-2018,2013.85,2021.9,2004,2012.75,2004.2234,1213731
16-08-2018,2000.3,2020.05,1995,2008.5,1999.9913,2152065
14-08-2018,1992,2024.6,1982.4,2003.55,1995.0624,3311765
13-08-2018,1997.8,2004.25,1990,2000.15,1991.6768,3559575
10-08-2018,1980.95,1996.5,1972.05,1993.1,1984.6566,2784105
09-08-2018,1980,1980.8,1966,1974.35,1965.986,2060297
08-08-2018,1972,1978.3,1962,1974,1965.6376,1315062
07-08-2018,1978.2,1979.15,1960.5,1967.35,1959.0156,1353560
06-08-2018,1997,1998.95,1972.25,1975.55,1967.1809,1532249
03-08-2018,1956.5,1982.05,1956.5,1979.45,1971.0643,1505131
02-08-2018,1980,1985,1945,1948.4,1940.146,1509287
01-08-2018,1949.95,1981.55,1949.8,1976.5,1968.127,2425180
31-07-2018,1942,1947,1928,1940.2,1931.9807,2204803
30-07-2018,1943,1954.7,1931.55,1944.6,1936.3621,1579251
27-07-2018,1960.85,1964.65,1940.3,1943.75,1935.5157,2033977
26-07-2018,1974.95,1985,1955.1,1964.7,1956.377,3503036
25-07-2018,2001.9,2002,1968.4,1981.5,1973.1057,1535492
24-07-2018,2015,2015,1984.15,1999,1990.5316,2038423
23-07-2018,2001,2009.95,1986,2005.65,1997.1534,2086201
20-07-2018,1984.9,2000,1984,1996.6,1988.1418,1934995
19-07-2018,2002.1,2010.45,1970,1981.4,1973.0062,1746318
18-07-2018,2005,2011.7,1993.05,2000.25,1991.7764,2013869
17-07-2018,1989,2009,1981,2002.15,1993.6682,3315492
16-07-2018,1990,1996,1977.45,1989.2,1976.7899,2582159
13-07-2018,1975,1997.9,1974,1981.1,1968.7405,4148185
12-07-2018,1984,1990.9,1960.5,1971.35,1959.0514,6921701
11-07-2018,1900,1998,1894.15,1979.9,1967.5481,22903802
10-07-2018,1898,1898.9,1870.75,1875.1,1863.4017,5303302
09-07-2018,1924,1924.4,1876.5,1883,1871.2526,6151747
06-07-2018,1882.85,1921,1881.65,1912.95,1901.0156,3713781
05-07-2018,1873,1887.5,1862.1,1880.3,1868.5695,2472571
04-07-2018,1879.9,1879.9,1857.15,1866.15,1854.5077,2700614
03-07-2018,1859.95,1879.9,1857.05,1874.05,1862.3585,3242233
02-07-2018,1852,1857.8,1841.1,1851.35,1839.8,2650290
29-06-2018,1844.9,1867.4,1842.3,1847.75,1836.2225,3506276
28-06-2018,1865,1871,1826.3,1842.7,1831.204,4888125
27-06-2018,1860,1885.15,1851.25,1858,1846.4084,4081208
26-06-2018,1823,1861,1821,1852,1840.4459,4679712
25-06-2018,1811.9,1822.35,1806,1819.25,1807.9003,2083217
22-06-2018,1827,1827,1799.55,1809.8,1798.5094,2949458
21-06-2018,1832,1832,1817.6,1819.35,1807.9996,2910659
20-06-2018,1832,1836.3,1818.6,1822.45,1811.0803,3107695
19-06-2018,1822.15,1839,1821,1824.5,1813.1176,3245034
18-06-2018,1867.95,1867.95,1822.15,1829,1817.5895,4674987
15-06-2018,1800,1847.1,1788.6,1840.05,1828.5706,9183574
14-06-2018,1830,1832.3,1784,1787.55,1776.3979,3819998
13-06-2018,1816,1831.65,1798,1824.1,1812.7201,5370983
12-06-2018,1757,1785,1753,1781,1769.8889,4608875
11-06-2018,1747.1,1763,1743,1749.7,1738.7842,2179378
08-06-2018,1735,1757.3,1735,1747.1,1736.2003,2582138
07-06-2018,1725,1749,1723.8,1735.55,1724.7225,2414762
06-06-2018,1723,1734.9,1715.2,1725.75,1714.9835,2236512
05-06-2018,1744,1751.9,1711.15,1721.6,1710.8594,2449568
04-06-2018,1745,1749,1712.6,1744.25,1733.3682,1681483
01-06-2018,1754,1757.5,1716.3,1732.45,1721.6417,1603856
31-05-2018,1734,1759.05,1726.1,1741.05,1730.1882,5049371
30-05-2018,1754.53,1766.5,1741.25,1757.05,1731.6788,3779106
29-05-2018,1764.95,1772,1744,1761.75,1736.3109,3525312
28-05-2018,1808.25,1808.25,1743,1751.03,1725.7457,3716798
25-05-2018,1812.5,1837.4,1786.28,1792.9,1767.0112,3769772
24-05-2018,1755,1807.5,1751.1801,1801.85,1775.8319,2962316
23-05-2018,1762.5,1772.5,1740.5,1747.55,1722.316,1507298
22-05-2018,1779,1787.47,1746.85,1754.45,1729.1163,1857416
21-05-2018,1764.35,1796,1759.03,1778.38,1752.7008,3446178
18-05-2018,1740.4,1758.85,1729,1751.03,1725.7457,1874996
17-05-2018,1756.47,1766.5699,1738,1745.9,1720.6899,2968048
16-05-2018,1739.97,1754.5,1737.62,1746.95,1721.7247,1648450
15-05-2018,1725,1747.9,1716.85,1741.2,1716.0579,1952890
14-05-2018,1728.5,1735.5,1705.4,1716.78,1691.9904,2433894
11-05-2018,1727.1,1742.5,1721.25,1728.47,1703.5115,2627876
10-05-2018,1751.47,1755.5699,1720.1,1725.62,1700.7028,3858678
09-05-2018,1720.1,1747.38,1720.1,1744.65,1719.4579,2615050
08-05-2018,1717.35,1743.25,1698.35,1720.6,1695.7551,2992820
07-05-2018,1745,1745,1705.45,1710.47,1685.7714,3484426
04-05-2018,1746,1748.5,1735,1740.38,1715.2495,2347244
03-05-2018,1754.9,1763,1735.2,1740.9301,1715.7916,3761550
02-05-2018,1765.25,1766.1,1735.65,1749.88,1724.6124,3158046
30-04-2018,1725.97,1774.5,1718.8,1766.05,1740.5488,3458558
27-04-2018,1762.5,1772,1710,1725.97,1701.0476,4501330
26-04-2018,1733.5,1780,1733.5,1769.62,1744.0673,12135034
25-04-2018,1692.5,1741.5,1682.53,1735.12,1710.0656,8196574
24-04-2018,1705,1721.5699,1671.25,1692.8199,1668.3761,8314336
23-04-2018,1712,1778.95,1694.78,1704.3199,1679.7103,15185910
20-04-2018,1625,1711.1801,1620,1701.22,1676.6549,18465662
19-04-2018,1589.95,1608.6,1582.88,1595.5699,1572.5305,4820952
18-04-2018,1583,1596.72,1572.9301,1579.55,1556.7419,2433066
17-04-2018,1593.8199,1597.47,1573.6,1583.3,1560.4379,3301724
16-04-2018,1558,1599.97,1555.38,1593.8199,1570.8058,6270274
13-04-2018,1575,1620.4,1566.05,1576.65,1553.8838,8179118
12-04-2018,1505,1575,1503.97,1569.62,1546.9553,6114360
11-04-2018,1475.3,1512.5,1472.8,1507.0699,1485.3084,3124416
10-04-2018,1462.85,1478.62,1462.85,1468.8,1447.5911,1184532
09-04-2018,1469.85,1481.75,1457.5,1461.95,1440.84,1235866
06-04-2018,1477,1480,1463.28,1475.15,1453.8494,1129018
05-04-2018,1463.28,1481.88,1460.1801,1478.97,1457.6141,1809424
04-04-2018,1464.72,1467,1446,1455.45,1434.4337,2841820
03-04-2018,1446.05,1464.95,1446.05,1455.62,1434.6013,1937290
02-04-2018,1420,1457,1420,1454.8199,1433.8129,1662988
28-03-2018,1417.95,1437.5,1412.5,1424.5699,1403.9995,6865654
27-03-2018,1412.5,1431.5,1411.53,1423.85,1403.2902,2494574
26-03-2018,1409.5,1413.7,1390.78,1408.5,1388.1617,2964210
23-03-2018,1401,1417.05,1399.03,1409.0699,1388.7235,3654122
22-03-2018,1429.97,1437.97,1411.28,1415.6801,1395.238,2326094
21-03-2018,1436.25,1442.15,1425,1428.38,1407.7546,3907678
20-03-2018,1410,1436.6,1409.5,1432.4301,1411.7463,4024984
19-03-2018,1414.5,1424,1410,1415.5,1395.0607,3489940
16-03-2018,1434.4,1436,1402.5,1412.85,1392.449,7197482
15-03-2018,1447.5,1451.28,1427.8,1434.85,1414.1312,2348906
14-03-2018,1446.47,1461.53,1437.53,1443.45,1422.6072,3668668
13-03-2018,1462.45,1469.85,1436,1443.4,1422.5577,88067154
12-03-2018,1521.5,1541.95,1517.75,1526.0699,1504.0341,2091340
09-03-2018,1502.5,1531.6,1488.6,1517.05,1495.1445,1872436
08-03-2018,1527.45,1527.45,1493.75,1501.97,1480.282,1951826
07-03-2018,1535,1544.5,1509.25,1513.72,1491.8623,1917772
06-03-2018,1561,1563.5,1515.0699,1521.4,1499.4316,1906764
05-03-2018,1524.5,1556.8199,1516.47,1552.9301,1530.5062,2858168
01-03-2018,1524.5,1530.6,1510,1518.85,1496.9182,1718124
28-02-2018,1517.5,1531.97,1510.72,1517.53,1495.6174,2706864
27-02-2018,1520.5,1539.28,1516,1521.1801,1499.2147,1717800
26-02-2018,1537.5,1544.97,1510.6,1515.85,1493.9617,1363882
23-02-2018,1525,1544.5,1496.05,1537.9,1515.6934,3362500
22-02-2018,1526,1539.5,1511.25,1525.1,1503.0781,3463010
21-02-2018,1487,1531.3,1480.03,1521.15,1499.1852,3089228
20-02-2018,1464,1492.53,1463.95,1472.38,1451.1194,1889068
19-02-2018,1472.5,1476.65,1447.6,1461.8,1440.6921,1568224
16-02-2018,1461.5,1499.8,1461.5,1466.53,1445.3539,2515756
15-02-2018,1465.97,1471.5,1452.55,1462.9301,1441.8059,2465236
14-02-2018,1485,1487.22,1446.25,1455.9,1434.8773,2847532
12-02-2018,1489.15,1511.6801,1477.78,1483.65,1462.2267,1974562
09-02-2018,1475,1497,1448.3199,1485.85,1464.3948,2102458
08-02-2018,1489.88,1513.8,1479.5,1487.1,1465.6268,2755004
07-02-2018,1513.5,1515.5,1473.72,1477.53,1456.1951,2180324
06-02-2018,1505,1538.5699,1492.5,1498.62,1476.9805,2657306
05-02-2018,1555,1594,1538.4301,1551.6,1529.1954,2757742
02-02-2018,1560,1595,1551.72,1576.8199,1554.0513,2456490
01-02-2018,1562,1595,1544.4,1569.3,1546.64,2400630
31-01-2018,1568.5,1575,1549.3,1556.1801,1533.7094,3043214
30-01-2018,1590,1601.9,1571.85,1576.4301,1553.6671,1574758
29-01-2018,1565.7,1612.5,1561,1599.4301,1576.335,3141060
25-01-2018,1587.5,1589.9,1540.5,1560.53,1537.9966,3833844
24-01-2018,1545,1629.53,1541.3199,1587.3,1564.38,5621538
23-01-2018,1557.47,1571.1801,1545.03,1551,1528.604,3239610
22-01-2018,1480.5,1567.35,1461,1558.2,1535.7002,4367110
19-01-2018,1465.28,1491,1451.8199,1479.65,1451.3855,1820000
18-01-2018,1448.5,1466.5,1434.03,1459.1,1431.2279,2209478
17-01-2018,1435,1462.5,1431.0699,1444.47,1416.8774,4280806
16-01-2018,1378,1430.8199,1375.28,1425.4301,1398.2012,4267752
15-01-2018,1388.5699,1404,1367.53,1373.05,1346.8219,1457214
12-01-2018,1402.5,1402.5,1370.28,1388.1801,1361.6628,3360314
11-01-2018,1405,1410.95,1391.1,1395.25,1368.5977,2520744
10-01-2018,1355.5,1408,1347.3199,1403.3,1376.4939,3365850
09-01-2018,1357.5,1360.5,1338.28,1354.5,1328.6261,2149396
08-01-2018,1350,1363.4301,1340.9301,1357.2,1331.2745,1242220
05-01-2018,1325,1349.75,1325,1344.6,1318.9153,1153706
04-01-2018,1325,1331,1320,1328.55,1303.1719,913082
03-01-2018,1316,1334.5,1315.6,1319.3199,1294.118,1257120
02-01-2018,1330,1334.8,1310.1,1315.6,1290.4691,1920290
01-01-2018,1341.15,1347.4,1317.5,1322.8,1297.5317,1351760
29-12-2017,1311.55,1354.45,1309.28,1350.6,1324.8005,2609542
28-12-2017,1304.4,1326.75,1302.8199,1313.47,1288.3799,2605088
27-12-2017,1324.72,1329.25,1305.25,1309.95,1284.9272,739284
26-12-2017,1343,1344.88,1315.8,1324.72,1299.4149,2175786
22-12-2017,1302,1331.95,1295.1,1323.38,1298.1007,3665664
21-12-2017,1293.5,1304,1290.03,1297.85,1273.0584,1293648
20-12-2017,1291,1296.38,1275.3199,1294.47,1269.7428,1577570
19-12-2017,1288,1298.9,1282.35,1287.65,1263.0531,1801952
18-12-2017,1268.5,1294.47,1247.1801,1290.25,1265.6034,2180664
15-12-2017,1281.88,1292.22,1268.4301,1272.8,1248.4869,2718138
14-12-2017,1316,1316,1265.55,1278.9,1254.4703,5504150
13-12-2017,1305.7,1325.72,1300.5,1314.2,1289.0959,2961458
12-12-2017,1330.5,1331,1303.7,1306.0699,1281.1212,1882246
11-12-2017,1304.1801,1336.3199,1304.1801,1330.55,1305.1338,1008002
08-12-2017,1309,1322.5,1298.5,1300.75,1275.903,1385548
07-12-2017,1316.15,1322.97,1307.5,1308.62,1283.6224,1326300
06-12-2017,1318,1322.5,1306.4301,1316.65,1291.4993,1407518
05-12-2017,1315.5,1325.85,1314.0699,1317.78,1292.6075,1167914
04-12-2017,1311,1329.25,1301.47,1316.1801,1291.0382,1259104
01-12-2017,1317.5,1334,1310.75,1314.97,1289.8512,1031144
30-11-2017,1326.8199,1333.47,1311.5,1318.5,1293.3138,4299962
29-11-2017,1338.75,1346.5,1325,1329.0699,1303.6819,1447532
28-11-2017,1343,1351.2,1335,1342.65,1317.0026,911716
27-11-2017,1344,1347.95,1331.1,1342.9301,1317.2773,1856786
24-11-2017,1341,1351.45,1336.55,1344.03,1318.3563,2287512
23-11-2017,1340.5,1346.5,1334.5,1340.62,1315.0112,793470
22-11-2017,1336.5,1354.85,1336.2,1340.3199,1314.717,1822624
21-11-2017,1350.5,1350.5,1333,1336.47,1310.9407,1527740
20-11-2017,1357.5,1363.45,1347.65,1351.72,1325.8993,1014498
17-11-2017,1374.05,1374.05,1351.8,1353.65,1327.7925,1325464
16-11-2017,1355,1381.5,1343.47,1373.3199,1347.0865,1653482
15-11-2017,1353,1377.5,1350.6801,1352.65,1326.8115,6670834
14-11-2017,1378.28,1378.28,1353.75,1357.3,1331.3727,1657252
13-11-2017,1351.03,1388.7,1351.03,1379.47,1353.1191,1496996
10-11-2017,1361.1,1363,1346.6801,1354.38,1328.5084,1356566
09-11-2017,1375,1375,1359.65,1368.2,1342.0645,1152432
08-11-2017,1361.5,1379.5,1359.12,1367.5,1341.3777,1402252
07-11-2017,1335,1384,1333.03,1355.03,1329.146,2696892
06-11-2017,1310,1335.9,1305.88,1332.78,1307.321,1377000
03-11-2017,1316.2,1318.35,1301.4,1310.05,1285.0253,666886
02-11-2017,1304.25,1337,1303.38,1313.0699,1287.9874,1468422
01-11-2017,1312,1313.4301,1289.4301,1301.4301,1276.5698,741882
31-10-2017,1300.65,1320,1300.65,1312,1286.938,1592634
30-10-2017,1293,1310,1290.85,1308.1,1283.1124,1137252
27-10-2017,1269,1296.5699,1265.15,1292.15,1267.4672,1409270
26-10-2017,1267.55,1284.5699,1258.95,1269.4301,1245.1813,3007552
25-10-2017,1289.25,1307,1277.5,1279.95,1255.5001,1105106
24-10-2017,1310,1310.45,1284.53,1289.2,1257.7072,1339020
23-10-2017,1292,1314.5,1273.72,1293.95,1262.3412,1886088
19-10-2017,1296,1297.9,1285.5,1291.95,1260.39,86822
18-10-2017,1297.5,1306.8199,1290,1293.3,1261.7072,1514144
17-10-2017,1292.5,1307.47,1288.78,1297.28,1265.59,1443016
16-10-2017,1277.53,1295,1277.53,1292.2,1260.634,1218590
13-10-2017,1274.1,1304.47,1261.5,1279.3,1248.0491,4066320
12-10-2017,1256.5,1277.5,1253.5,1274.1,1242.9761,5006356
11-10-2017,1230,1257.22,1228.38,1250.1801,1219.6404,1527746
10-10-2017,1227.5,1234.97,1225.62,1229.62,1199.5828,1222010
09-10-2017,1220.53,1233.97,1220.53,1227.05,1197.0754,1773616
06-10-2017,1215,1227.5,1214.03,1223.3199,1193.4366,1389188
05-10-2017,1220.5,1221.72,1212.2,1214.8,1185.1248,1684686
04-10-2017,1224.8,1227,1212.5,1221.15,1191.3196,1300778
03-10-2017,1220,1227.15,1213.53,1224.22,1194.3146,1923006
29-09-2017,1239.5,1242,1210.75,1217.97,1188.2172,1985014
28-09-2017,1247.35,1257,1226,1238.22,1207.9727,4332866
27-09-2017,1245,1256.1,1236.88,1247.5,1217.0259,2010356
26-09-2017,1255,1263.2,1233,1237.3199,1207.0944,1449230
25-09-2017,1248.28,1267,1246.38,1255.38,1224.7134,1599558
22-09-2017,1259.95,1263.45,1246,1251.8,1221.2209,2435396
21-09-2017,1245.53,1270.5,1240,1262.45,1231.6106,2438740
20-09-2017,1257,1257,1237.15,1246.78,1216.3236,1334642
19-09-2017,1252.5,1252.5,1245.75,1249.12,1218.6063,782754
18-09-2017,1252.47,1259.47,1244.62,1249.53,1219.0061,726600
15-09-2017,1249.5,1258.5,1242.5,1253.03,1222.4209,2944072
14-09-2017,1241,1248.8,1235.95,1243.47,1213.0942,1081510
13-09-2017,1250,1265.8199,1237.6,1244.6,1214.1967,1278980
12-09-2017,1236.95,1248.5,1228.5,1244.22,1213.826,1396460
11-09-2017,1235.6,1241.47,1225,1227.22,1197.2411,732764
08-09-2017,1226.88,1237,1226.28,1235.3,1205.1239,1021134
07-09-2017,1229,1234.2,1225.53,1230.05,1200.0022,870636
06-09-2017,1234.0699,1237.4301,1225,1226.6,1196.6362,1228764
05-09-2017,1230,1245,1218.53,1242.1801,1211.8358,1165994
04-09-2017,1226.55,1230.5,1219,1228.1,1198.0997,1062544
01-09-2017,1240,1249.03,1218.28,1228.22,1198.2168,1702330
31-08-2017,1242.5,1252.2,1233.3199,1248.1801,1217.6893,1784664
30-08-2017,1240.5,1245,1230.05,1242.28,1211.9334,970782
29-08-2017,1241,1248,1231.97,1235.4301,1205.2509,1312602
28-08-2017,1252.3,1252.7,1230.5,1243.65,1213.2698,2036796
24-08-2017,1248.85,1258.97,1243.0699,1248.3,1217.8063,1623908
23-08-2017,1252.5,1258.4,1236.5699,1244.72,1214.3138,1562272
22-08-2017,1261.5,1269.75,1246,1248.78,1218.2747,1131326
21-08-2017,1252.75,1274.5,1247.15,1264.4,1233.5129,2304834
18-08-2017,1237,1274.95,1235.7,1256.9,1226.196,2837356
17-08-2017,1250.35,1252.5,1231.05,1242.8199,1212.4601,1752374
16-08-2017,1242,1271.9,1232.6,1246.1801,1215.738,1373340
14-08-2017,1251.5,1254.95,1231.5,1234.7,1204.5386,786504
11-08-2017,1249.95,1267.5,1241.5,1248.03,1217.543,1394736
10-08-2017,1254.5,1260.3,1243.1801,1255.72,1225.0449,1526172
09-08-2017,1250,1261.4301,1246.65,1256,1225.3182,992946
08-08-2017,1256,1264.3,1248.15,1251.53,1220.9575,1073958
07-08-2017,1258.25,1260,1240.6,1251.72,1221.1428,1885520
04-08-2017,1245.4,1264.15,1244,1261.4,1230.5863,1387890
03-08-2017,1240,1251,1233.22,1244.72,1214.3138,1882548
02-08-2017,1250,1254,1231,1236.9,1206.6848,1251024
01-08-2017,1250,1260.38,1245.5,1250.8199,1220.2646,1747460
31-07-2017,1235.5,1259.5,1231.5,1245.9,1215.4651,2019662
28-07-2017,1240.5,1246.53,1221,1242.15,1211.8066,1382752
27-07-2017,1271.1,1292.4,1233.25,1240.85,1210.5382,4255304
26-07-2017,1280,1287.5,1273.5,1278,1246.7809,1459826
25-07-2017,1262.88,1290,1259.2,1285.75,1254.3417,2678832
24-07-2017,1241,1270,1241,1265.35,1234.4398,2271402
21-07-2017,1217.45,1250,1217.28,1245.6,1208.3433,2148416
20-07-2017,1224.62,1228.45,1215.25,1222.35,1185.7888,1182504
19-07-2017,1207.75,1230,1207.55,1224.8,1188.1655,3915576
18-07-2017,1198.0699,1221.5,1198.0699,1204.1801,1168.1622,1908002
17-07-2017,1198.85,1211.05,1191.1,1197.72,1161.8954,2211822
14-07-2017,1191.5,1212.5,1187.5,1198.72,1162.8655,4508432
13-07-2017,1222.5,1236,1213.3,1223.2,1186.6133,3131960
12-07-2017,1241.25,1241.65,1215.05,1219.72,1183.2374,2646450
11-07-2017,1213,1257.4,1213,1237.9,1200.8735,3537504
10-07-2017,1203,1222.45,1189.47,1217.47,1181.0546,783608
07-07-2017,1175,1178.22,1162.75,1165.97,1131.0948,1232090
06-07-2017,1179.5,1180.95,1170.05,1173.78,1138.6715,1026788
05-07-2017,1180.4,1182.5,1172.5,1178,1142.7653,815856
04-07-2017,1186.65,1190.22,1175.03,1183.4301,1148.0328,1215134
03-07-2017,1178.7,1191.53,1171.55,1186.8,1151.3021,1475956
30-06-2017,1162.2,1188.5,1161.55,1181.1801,1145.8502,1753848
29-06-2017,1179.5,1186.03,1161.55,1166.62,1131.7256,2471826
28-06-2017,1174.95,1179,1167.5,1175.03,1139.8842,1789726
27-06-2017,1175.3,1192.35,1165.8,1171.4301,1136.3918,1974330
23-06-2017,1199.7,1206.97,1177,1180.85,1145.53,1424756
22-06-2017,1204.5,1215.5,1192.5,1197.4301,1161.6141,5775882
21-06-2017,1220,1221.0699,1198.6,1203.15,1167.163,1657818
20-06-2017,1215.5,1224.5,1190.15,1222.5,1185.9341,1670958
19-06-2017,1208.45,1223.1801,1202.5699,1215.85,1179.483,1644742
16-06-2017,1207.47,1217.5,1193.25,1199.85,1163.9617,2450426
15-06-2017,1234.5,1234.85,1202.5,1205.6,1169.5397,2997198
14-06-2017,1227.5,1238,1227.5,1235.1,1198.1572,1489142
13-06-2017,1232.5,1240.55,1223.5,1225.78,1189.1163,1175414
12-06-2017,1248.5,1256.45,1235.2,1243.6,1179.7256,1626506
09-06-2017,1260,1273.7,1243,1253.5,1189.1172,3148034
08-06-2017,1299,1302.47,1257.75,1260.8,1196.0425,3330714
07-06-2017,1348.5,1350,1288.28,1307.62,1240.4574,4927776
06-06-2017,1315.5,1354.47,1315,1348,1278.7635,5946720
05-06-2017,1282.5,1309.95,1280.0699,1301.97,1235.0978,1500188
02-06-2017,1278.12,1295.9301,1276.25,1282.45,1216.5801,1355648
01-06-2017,1265,1282,1265,1276.8,1211.2206,1080064
31-05-2017,1266.5,1286.25,1264,1273.3,1207.9003,2502730
30-05-2017,1280,1287.97,1262.5,1275.55,1210.0347,927634
29-05-2017,1289.5,1298.25,1282,1286.4301,1220.3558,1749290
26-05-2017,1312.5,1313.4301,1282.3199,1289.12,1222.9076,1362550
25-05-2017,1288.5,1318.78,1284,1312.3,1244.8971,4094094
24-05-2017,1267.4,1285,1264.8199,1279.5699,1213.8481,2534548
23-05-2017,1266.6,1282.0699,1257,1260.85,1196.0896,2748596
22-05-2017,1255,1276.88,1255,1265.6801,1200.6716,1663940
19-05-2017,1268.1,1270.28,1243,1253.5699,1189.1837,1786044
18-05-2017,1225,1286,1221.12,1268.1,1202.9674,5138594
17-05-2017,1216.75,1230.38,1211.5,1227.6801,1164.6233,2876198
16-05-2017,1190,1217.5,1186.72,1214.5699,1152.1866,3601026
15-05-2017,1187.55,1188.97,1170.8,1182.55,1121.8116,1817604
12-05-2017,1171.65,1184.95,1160.03,1180.3199,1119.6957,2314446
11-05-2017,1173.65,1180,1161.38,1174.72,1114.3835,2071302
10-05-2017,1177.5,1178.0699,1158,1166.22,1106.3201,1206388
09-05-2017,1171.97,1180.5,1166.28,1176.28,1115.8633,1790270
08-05-2017,1160.5,1173.7,1158.85,1171.22,1111.0632,1071782
05-05-2017,1154,1166.25,1151.25,1160.25,1100.6569,1682474
04-05-2017,1174.97,1175,1154.4,1165.05,1105.2103,2708208
03-05-2017,1147.5,1172.5,1134.25,1168.65,1108.6254,3514406
02-05-2017,1147,1151,1140,1144.95,1086.1426,2382696
28-04-2017,1147,1149.38,1134,1136.5699,1078.1929,2540510
27-04-2017,1153.03,1163.9,1138.8199,1151.3199,1092.1853,5773186
26-04-2017,1170,1171.97,1151.53,1155.1801,1095.8473,2187438
25-04-2017,1164,1172.22,1151.35,1155.75,1096.3881,3148710
24-04-2017,1150,1169.8199,1141.25,1164.05,1104.2615,2000020
21-04-2017,1164.55,1167.8199,1150.5,1155.4,1096.0558,1161154
20-04-2017,1152.65,1166,1145.47,1162.75,1103.0284,1268842
19-04-2017,1131.75,1174.35,1126.4,1149.5699,1090.5253,5626812
18-04-2017,1165,1167.1,1151.03,1154.4,1095.1072,1730620
17-04-2017,1165.2,1166.45,1147.5699,1157.4301,1097.9814,2270882
13-04-2017,1200,1204.5,1160.53,1164.3199,1104.5176,2500472
12-04-2017,1211.25,1214,1191.5,1196.62,1135.1587,1050538
11-04-2017,1208.65,1221.55,1203,1209.65,1147.5197,1557784
10-04-2017,1216,1224.5,1202.5,1211.12,1148.9139,2543264
07-04-2017,1197.45,1216.62,1196.0699,1214.53,1152.1489,2277012
06-04-2017,1200,1205,1196.28,1200.03,1138.3937,1720704
05-04-2017,1209.95,1209.95,1197.5,1200.62,1138.9531,2905568
03-04-2017,1217.5,1217.5,1204.1,1205.85,1143.9146,1196888
31-03-2017,1219.2,1220.4301,1207.5,1215.9,1153.4486,1867044
30-03-2017,1222.45,1232.5,1217.5,1220.5,1157.8123,2986086
29-03-2017,1218,1225.4,1212.8,1222.3,1159.5197,1717764
28-03-2017,1205,1221.7,1205,1214.97,1152.5663,1153158
27-03-2017,1213.47,1220,1203,1206.03,1144.0854,2181270
24-03-2017,1234.9,1234.9,1211.65,1213.6,1151.2666,5099814
23-03-2017,1241,1242.53,1223.6,1230.1801,1166.9951,2620638
22-03-2017,1240.0699,1248,1234.97,1239.47,1175.8079,1888716
21-03-2017,1241,1246,1232.5,1243.35,1179.4884,3373700
20-03-2017,1262.97,1262.97,1233,1240,1176.3105,3487540
17-03-2017,1273,1273,1254.88,1262.88,1198.0155,2593152
16-03-2017,1253,1263.5,1253,1260.45,1195.7102,1571818
15-03-2017,1286,1286.0699,1246.9301,1249.15,1184.9905,3022496
14-03-2017,1278.4,1293.5699,1275.53,1283.75,1217.8135,3402294
10-03-2017,1259.8,1274.78,1256.97,1271.12,1205.8322,1171420
09-03-2017,1257.0699,1262,1252.03,1259.88,1195.1694,858468
08-03-2017,1251,1260,1246.1,1256.1,1191.5836,1791510
07-03-2017,1241.45,1252.5,1237.53,1249.9,1185.702,1511672
06-03-2017,1240,1242,1227.28,1236.25,1172.7532,1400694
03-03-2017,1246,1249.85,1237.7,1247.03,1182.9795,1013970
02-03-2017,1243.35,1255,1235.03,1250.72,1186.48,1544942
01-03-2017,1239.95,1250.95,1235,1239.78,1176.1019,1130374
28-02-2017,1244.75,1245,1225,1233.12,1169.7838,2354828
27-02-2017,1239.55,1251,1235.03,1244.9301,1180.9873,2139892
23-02-2017,1207.5,1246.62,1207.5,1240.9,1177.1643,4853352
22-02-2017,1232.95,1235,1200.0699,1205.75,1143.8198,4505496
21-02-2017,1257,1262.95,1227.5699,1232.6801,1169.3667,5501112
20-02-2017,1212.5,1277.5,1204.05,1251.1,1186.8402,3973948
17-02-2017,1236,1237.8,1201,1203.95,1142.1121,2723324
16-02-2017,1230,1239,1217.8,1223.88,1161.0187,4175680
15-02-2017,1198.5,1214,1187.55,1206.85,1144.8633,1924972
14-02-2017,1209.8199,1209.8199,1199,1203.12,1141.3247,2033328
13-02-2017,1198,1214.5,1191.1801,1207.12,1145.1191,3819812
10-02-2017,1155.5,1212.22,1155.5,1198.97,1137.3878,5782160
09-02-2017,1137.5,1164,1135.1,1158.65,1099.1389,4033202
08-02-2017,1122.45,1141.3,1122.03,1135.47,1077.1495,2212584
07-02-2017,1122,1126.3,1113,1122.3,1064.656,1814638
06-02-2017,1129,1129.25,1107.47,1120.38,1062.8346,2408910
03-02-2017,1104.85,1121.5,1095.5,1116.28,1058.9451,2153372
02-02-2017,1085.03,1109.5,1076.5,1103.8199,1047.1249,6009482
01-02-2017,1110,1119.97,1077.78,1083.95,1028.2758,4864152
31-01-2017,1160,1166.03,1100.03,1114.9,1057.6362,4666804
30-01-2017,1170.5,1175.97,1159.0699,1166.45,1106.5383,2577956
27-01-2017,1172.53,1189.38,1172.53,1178.9,1118.3489,2871658
25-01-2017,1161.3,1180,1159.03,1176.5,1116.0721,4111648
24-01-2017,1152,1161.5,1145,1159.1801,1099.6416,2282638
23-01-2017,1132.5,1156.75,1129.9,1153.35,1094.1112,2318546
20-01-2017,1143.5,1150,1132.5,1142.6801,1077.8232,2037246
19-01-2017,1147.5,1147.5699,1141.47,1145.5,1080.483,2251676
18-01-2017,1139,1149,1132.72,1147.55,1082.4167,3136574
17-01-2017,1127.45,1143.9,1126.4,1139.38,1074.7102,3009956
16-01-2017,1125,1136.95,1114,1129.28,1065.1837,3364808
13-01-2017,1174,1178.97,1118.9301,1124.65,1060.8162,10235580
12-01-2017,1162.2,1180,1152,1172.1801,1105.6487,2570374
11-01-2017,1157.5,1164.8,1140.1,1162.2,1096.2351,1931296
10-01-2017,1152,1164.9,1145.75,1157.6801,1091.9719,1533914
09-01-2017,1137.5,1155.65,1128.5,1151.85,1086.4727,1854578
06-01-2017,1160.5,1164.6801,1128.55,1140.7,1075.9554,3009896
05-01-2017,1192,1194.97,1160.2,1167.2,1100.9513,2216404
04-01-2017,1184.85,1194.4301,1179.15,1189.75,1122.2213,1420066
03-01-2017,1180.62,1185.85,1171.65,1184.12,1116.9109,1475324
02-01-2017,1183.3,1187.55,1176.2,1180.6801,1113.6664,823132
30-12-2016,1177.45,1189.3,1172.8199,1182.78,1115.647,1405748
29-12-2016,1151.5,1179.95,1151.5,1175.85,1109.1104,1963516
28-12-2016,1163.35,1174.95,1151.5699,1156.7,1091.0472,1350418
27-12-2016,1140.75,1165,1140.75,1161.7,1095.7635,1294692
26-12-2016,1133,1150.8,1133,1146.55,1081.4734,897408
23-12-2016,1150,1158.88,1139.4,1144.05,1079.1154,1118954
22-12-2016,1153,1162.5,1143.1,1153.85,1088.359,1868300
21-12-2016,1171.9,1171.9,1152.8,1156.8,1091.1417,2034902
20-12-2016,1146,1172.5,1143.53,1169.65,1103.2623,2922760
19-12-2016,1140,1148.85,1130.65,1144.45,1079.4926,1334210
16-12-2016,1138.5,1145,1126,1141.3199,1076.5403,1987230
15-12-2016,1101,1136.05,1101,1129.65,1065.5327,4295410
14-12-2016,1107,1112.35,1094.5,1103.8,1041.1499,1870366
13-12-2016,1109,1109,1091.5,1100.15,1037.7072,2147534
12-12-2016,1097.4,1108.8,1081.5,1104.1,1041.433,1311758
09-12-2016,1102.5,1109.95,1086.65,1097.62,1035.3206,1588718
08-12-2016,1080.25,1099.5,1080,1097.88,1035.5659,3239546
07-12-2016,1091.1,1092.22,1072.8199,1077.28,1016.1351,2065706
06-12-2016,1095,1101.97,1084.95,1091.1801,1029.2462,1593444
05-12-2016,1114.5,1118.9301,1085,1093,1030.9629,2249526
02-12-2016,1129,1135.4,1102.6,1110.9301,1047.8751,1998032
01-12-2016,1138.5,1145,1127.03,1131.72,1067.4854,1123052
30-11-2016,1132.5,1147.38,1121.15,1138.03,1073.437,3445832
29-11-2016,1137.5,1146,1126.28,1129.9301,1065.7968,1442296
28-11-2016,1147,1159.72,1125.95,1141.3,1076.5215,1924296
25-11-2016,1106,1153.62,1096.1,1150.1801,1084.8975,4276148
24-11-2016,1077.45,1103.8,1068.5,1094.22,1032.1134,3026234
23-11-2016,1074.5,1081.47,1063.6,1078.1801,1016.984,1275808
22-11-2016,1066,1088.72,1061.03,1067.5,1006.9103,1318860
21-11-2016,1063.1,1070,1052.5,1066.45,1005.9196,1793366
18-11-2016,1071,1075,1052.1,1062.55,1002.2412,2140534
17-11-2016,1092.5,1104.3,1065.0699,1068.6,1007.9478,2504688
16-11-2016,1072.55,1104.45,1069,1094.8,1032.6606,4019958
15-11-2016,1058.45,1078.78,1025.95,1060.65,1000.4489,6290324
11-11-2016,1073.53,1073.53,1043.1,1050.5699,990.941,2398424
10-11-2016,1102.4,1108.75,1070.4,1077.72,1016.5501,2172426
09-11-2016,1090,1137.5,1071.4301,1084.9301,1023.3508,4500226
08-11-2016,1140.22,1153.5,1130,1141.6,1076.8041,1933634
07-11-2016,1168.95,1172.45,1130.03,1138.53,1073.9084,2048052
04-11-2016,1160,1168.0699,1147,1165.28,1099.1404,1183752
03-11-2016,1147,1167.5,1142.25,1159.72,1093.8959,1463310
02-11-2016,1170.5,1172,1147.5,1152.03,1086.6425,2325076
01-11-2016,1199.85,1199.85,1167.0699,1175,1108.3085,2934776
28-10-2016,1205,1207.55,1194,1199.35,1131.2765,1752102
27-10-2016,1189.85,1214.75,1182.75,1209.05,1140.426,2941602
26-10-2016,1199.3,1201.38,1186.25,1198.12,1130.1165,1437130
25-10-2016,1202.5,1207.3,1190.5,1199.22,1131.1539,1772466
24-10-2016,1214.1,1217.45,1201.28,1213.85,1144.9535,1253190
21-10-2016,1200,1215.95,1199.12,1214.3199,1139.2656,1259660
20-10-2016,1198.45,1204.6801,1193,1200.5699,1126.3656,1265854
19-10-2016,1200.5,1205,1185.15,1197.55,1123.5322,1985058
18-10-2016,1188,1207.85,1177.4,1200.1,1125.9246,2128632
17-10-2016,1184.45,1187.9,1172.2,1181.22,1108.2114,2728346
14-10-2016,1157.5,1193.5,1145.5,1183.1,1109.9755,7741214
13-10-2016,1181.65,1184.95,1160.45,1164.45,1092.478,5173334
10-10-2016,1184.95,1193.45,1177.53,1190.15,1116.5896,1202142
07-10-2016,1194,1194,1179.1,1183.9,1110.726,1816512
06-10-2016,1197.5,1201.2,1186.38,1194.38,1120.5584,2267572
05-10-2016,1204,1207.7,1188.05,1193.1801,1119.4326,1176354
04-10-2016,1210,1212.53,1199,1202.5699,1128.2419,1780718
03-10-2016,1225,1228.8199,1200.55,1205.85,1131.3193,1818880
30-09-2016,1218.53,1224.9,1211.55,1215.4,1140.2792,2175364
29-09-2016,1217.5,1228.25,1209.8,1218.9,1143.5626,3603958
28-09-2016,1215.5,1218.75,1207.6,1211.53,1136.6483,1731328
27-09-2016,1200.55,1224,1200.55,1218.05,1142.7653,2038792
26-09-2016,1200.55,1209.55,1197.5,1200.55,1126.3469,1753476
23-09-2016,1191,1201.9301,1185.5699,1199.05,1124.9396,1800726
22-09-2016,1212.62,1214,1185.55,1189,1115.5107,2857574
21-09-2016,1203.85,1212,1200.35,1206.7,1132.1168,1678020
20-09-2016,1205.5,1208.45,1192.7,1203.25,1128.88,1184552
19-09-2016,1182.5,1213.5,1175,1205.72,1131.1974,2802546
16-09-2016,1168.35,1188,1160,1180.85,1107.8645,4358004
15-09-2016,1169.97,1171.05,1158.38,1163.47,1091.5586,2818964
14-09-2016,1181,1188.8,1155,1164.22,1092.2622,2069858
12-09-2016,1168.5,1181.97,1162,1179.53,1106.6261,2024454
09-09-2016,1164.85,1183.3199,1160.03,1176.22,1103.5208,2742438
08-09-2016,1180,1180,1142.38,1161.05,1089.2885,7021516
07-09-2016,1249.85,1249.85,1211.5,1220.28,1144.8574,3854040
06-09-2016,1259.95,1260.0699,1240,1242.03,1165.2631,2239066
02-09-2016,1256,1259.7,1248.03,1257.4,1179.6834,1742330
01-09-2016,1262.45,1267.47,1243.53,1253.75,1176.2588,1345736
31-08-2016,1275,1275,1250.4301,1255.65,1178.0411,3231668
30-08-2016,1255,1274.9,1250.62,1272.0699,1193.4463,1444026
29-08-2016,1267.47,1267.47,1233.38,1250.28,1173.0033,1488728
26-08-2016,1279.9,1286.28,1258.6,1262.47,1184.4397,1250314
25-08-2016,1290,1294.85,1263,1275.53,1196.6925,1939690
24-08-2016,1294.9,1301,1284.53,1286.03,1206.5432,1116878
23-08-2016,1272.47,1302.47,1270.1,1300.53,1220.1475,1503374
22-08-2016,1294,1297.22,1268.15,1274.35,1195.5857,2265274
19-08-2016,1320,1323.22,1300,1301.75,1221.2919,2416244
18-08-2016,1317.5,1328.78,1315.05,1319.28,1237.7384,1292064
17-08-2016,1349.5,1349.5,1309,1312.28,1231.171,1848566
16-08-2016,1369,1370,1336.9301,1345.85,1262.6663,3183754
12-08-2016,1352.5,1372.4,1351.03,1369.22,1284.5918,2327358
11-08-2016,1332.78,1357.5,1332.78,1354.95,1271.2037,2233138
10-08-2016,1325.5,1341,1324,1337.7,1255.0199,2062078
09-08-2016,1329,1329.9,1289.4301,1325.1,1243.1987,2261914
08-08-2016,1320,1334,1314.53,1324.75,1242.8706,2058244
05-08-2016,1336.95,1342.15,1316,1324.55,1242.6829,1868484
04-08-2016,1335,1341.47,1318.12,1326,1244.0431,1415416
03-08-2016,1343,1349.5,1324.53,1328.15,1246.0602,2294702
02-08-2016,1351.45,1357.85,1344.9,1349.6,1266.1843,2578162
01-08-2016,1316,1362.5,1316,1354.12,1270.4252,3961704
29-07-2016,1307,1317.45,1299.5,1309.65,1228.7039,2488084
28-07-2016,1290.25,1314.78,1288.53,1309.62,1228.6755,4632080
27-07-2016,1277.5,1290.2,1272.5,1288.78,1209.1237,1750510
26-07-2016,1279.47,1284,1266.5,1276.3,1197.4149,2311290
25-07-2016,1256,1281.6,1252.9,1279.47,1200.389,1688796
22-07-2016,1249.45,1262,1246,1257.55,1173.7256,1517216
21-07-2016,1244.75,1259.75,1232.22,1253.03,1169.5072,2527148
20-07-2016,1225,1251.25,1224.0699,1247.47,1164.3174,2815252
19-07-2016,1213.75,1236.4,1213.75,1233.1,1150.905,2362896
18-07-2016,1223.5,1234.5,1215.3,1216.72,1135.6173,2598850
15-07-2016,1258.5,1263.9,1213.28,1222.6801,1141.1801,8336366
14-07-2016,1243,1264.5,1235.5,1260.95,1176.8988,2699988
13-07-2016,1239,1249.62,1225.62,1246.55,1163.4589,2102300
12-07-2016,1235.85,1237.5,1217.9301,1232.47,1150.3174,1465536
11-07-2016,1215,1235.9,1213.5,1232.0699,1149.944,1543632
08-07-2016,1217.5,1221.03,1201.75,1213.3,1132.4253,2456356
07-07-2016,1243.85,1245.9301,1212.5,1214.9,1133.9185,3316800
05-07-2016,1247.1,1248.53,1238.5699,1242.65,1159.819,1559748
04-07-2016,1258,1262.9301,1241,1247.1,1163.9722,1883484
01-07-2016,1281,1282.3,1247.1801,1250.4301,1167.0803,2197296
30-06-2016,1261,1281.45,1250.1801,1276.55,1191.4592,5121812
29-06-2016,1237.5,1256.25,1232.65,1251.45,1168.032,2531264
28-06-2016,1247.9301,1251.45,1229.2,1231.97,1149.8507,4499524
27-06-2016,1273.5,1273.5,1241.3199,1247.9301,1164.7467,4272566
24-06-2016,1282.5699,1296.6,1257.0699,1286.97,1201.1843,3766586
23-06-2016,1327.5,1329.75,1312.65,1322.6801,1234.5143,1397014
22-06-2016,1325,1338.85,1315.88,1333.8199,1244.9116,1761712
21-06-2016,1331.75,1332.5,1320.7,1325.6,1237.2394,1027690
20-06-2016,1301.3,1334,1295.9,1329.65,1241.0197,1872838
17-06-2016,1279.5,1305,1279.5,1301.3,1214.5593,1878988
16-06-2016,1272.78,1282.35,1258.22,1279.15,1193.8857,1145070
15-06-2016,1265,1282.45,1261,1278.4301,1193.214,1270844
14-06-2016,1279.47,1279.47,1259.12,1267.4301,1182.9469,977570
13-06-2016,1270,1276.6801,1259,1273.5,1188.6124,1029978
10-06-2016,1283,1301.62,1276.6,1277.88,1192.7002,1396832
09-06-2016,1311.2,1311.2,1277.6,1288.62,1202.7246,1562138
08-06-2016,1308.62,1314.28,1302.75,1306.55,1219.4594,938266
07-06-2016,1307,1319.5,1306.5,1315.5699,1227.8781,1202194
06-06-2016,1310.25,1319.5,1301.6,1306.25,1219.1793,1322026
03-06-2016,1325.7,1329,1310.25,1314.78,1201.9406,1554922
02-06-2016,1300,1327.15,1300,1325.0699,1211.3474,1408756
01-06-2016,1285.6,1322.5,1285.5,1316.78,1203.7689,1911942
31-05-2016,1320,1323.5,1281,1284.7,1174.4421,3722608
30-05-2016,1291.5,1320.97,1291,1318.2,1205.067,1349464
27-05-2016,1276.5699,1289.9301,1275.3,1286.3199,1175.923,1104676
26-05-2016,1265,1282.45,1252.55,1274.35,1164.9805,1943248
25-05-2016,1240.5,1266.47,1240.5,1263.22,1154.8055,1548678
24-05-2016,1242,1244.12,1229.8,1233.85,1127.9562,1339158
23-05-2016,1272,1272.95,1240.1,1245.72,1138.8074,1533016
20-05-2016,1271.15,1282.9,1261.4,1264.65,1156.113,1230918
19-05-2016,1277.5,1280,1263.05,1278.47,1168.7467,1038792
18-05-2016,1282.9301,1282.9301,1263.03,1275.55,1166.0776,1500740
17-05-2016,1282.1,1295.62,1276,1285.1,1174.8076,1756698
16-05-2016,1269,1282.4,1261.25,1275.5699,1166.0956,1111526
13-05-2016,1282.5,1283,1255.0699,1261.7,1153.4158,1621730
12-05-2016,1260.28,1284.95,1260.28,1283.1,1172.9795,1513082
11-05-2016,1250,1262.8,1245,1259.15,1151.085,1598716
10-05-2016,1257.5,1266.97,1248,1261.45,1153.1875,1158534
09-05-2016,1236.7,1259,1228.2,1256.28,1148.4612,1821276
06-05-2016,1232.5,1242.15,1215.5,1236.7,1130.5616,885598
05-05-2016,1239,1244.97,1231.78,1235.15,1129.1448,1246566
04-05-2016,1236.95,1247.03,1228.5,1239,1132.6643,1364892
03-05-2016,1262.5,1265,1236,1239.05,1132.7101,2153118
02-05-2016,1264.5,1265,1250,1263.35,1154.9244,1116692
29-04-2016,1258.5,1271,1255,1267.75,1158.9468,2372178
28-04-2016,1250.65,1270,1249.05,1263.88,1155.4089,4992744
27-04-2016,1240,1257.3,1237.95,1255.55,1147.7941,1848670
26-04-2016,1224.5,1246.75,1221,1244.9,1138.0579,2554368
25-04-2016,1201.15,1228.53,1201.15,1225.62,1120.4325,2267654
22-04-2016,1209.5,1217.7,1202.1,1208.53,1104.8092,1964126
21-04-2016,1225.5,1233.7,1206.1,1212.2,1108.1642,2525724
20-04-2016,1267.45,1267.45,1220,1225.1801,1120.0303,6405024
18-04-2016,1226.5,1276.75,1220,1259.88,1151.7522,7121504
13-04-2016,1265,1272.5,1256.25,1263.1,1154.6959,1601468
12-04-2016,1249,1262.5,1244.05,1259.0699,1151.0117,1303628
11-04-2016,1216.5,1258.5,1206.5,1253.3199,1145.7551,2400648
08-04-2016,1233,1236.85,1213.5,1216.03,1111.6655,1399500
07-04-2016,1240,1242.35,1228.5,1235.4,1129.3733,2390942
06-04-2016,1235,1244.5,1229.6801,1240.95,1134.4468,1763150
05-04-2016,1235.4,1242.45,1221.03,1231.38,1125.6984,1491794
04-04-2016,1228,1244,1223.5,1235.62,1129.5745,1752352
01-04-2016,1252.5,1260.4301,1217.05,1226.95,1121.6484,3041400
31-03-2016,1239.15,1275,1236.0699,1260.15,1151.9988,4363964
30-03-2016,1235.45,1252.5,1230,1244.75,1137.9208,2136504
29-03-2016,1239,1243.47,1227.5,1234.7,1128.7332,1838796
28-03-2016,1245.5,1258.5699,1230.78,1236.7,1130.5616,3320882
23-03-2016,1243.95,1243.95,1228.65,1236.9,1130.7445,2278434
22-03-2016,1221,1242.5,1218.25,1236.55,1130.4247,1951984
21-03-2016,1213,1227.47,1210,1223.12,1118.1475,2336982
18-03-2016,1180,1215,1180,1212.9301,1108.8315,3204070
17-03-2016,1167,1180.9,1166,1176.03,1075.0986,2221088
16-03-2016,1157.5,1166,1153.45,1163.53,1063.6711,1918246
15-03-2016,1174.53,1181.75,1160.05,1164.95,1064.9696,1623356
14-03-2016,1181,1199,1170,1177.5,1076.4424,1636742
11-03-2016,1170,1195.4301,1167.5,1182.62,1081.123,1530528
10-03-2016,1178.03,1179.9301,1157.47,1174.15,1073.3799,1661666
09-03-2016,1170.5,1184.7,1147.5699,1178.62,1077.4662,2017784
08-03-2016,1171.05,1183.5,1152.1,1177.15,1076.1224,1268152
04-03-2016,1190,1190,1174.78,1178.78,1077.6128,1512966
03-03-2016,1168,1195.5,1150.5,1186.5699,1084.734,2648284
02-03-2016,1152.5,1165,1128.12,1159.4301,1059.9236,1527486
01-03-2016,1096.5,1142.55,1081,1138.3199,1040.6249,1999760
29-02-2016,1118.5,1118.5,1057.5,1088.4,994.9894,2191718
26-02-2016,1114.85,1128.45,1099.8,1105.25,1010.3931,1537536
25-02-2016,1109.9,1114,1092.8199,1106.4301,1011.472,1830556
24-02-2016,1131.22,1131.22,1100.6,1105.47,1010.5944,1659328
23-02-2016,1155.12,1159.95,1128.38,1132,1034.8474,1306852
22-02-2016,1160.12,1171.5,1152.5,1157.95,1058.5702,1324884
19-02-2016,1153.6801,1163.5,1152.72,1159.8199,1060.2798,879012
18-02-2016,1142.5,1159.88,1139,1157.9301,1058.5521,1529140
17-02-2016,1132.5,1139.8199,1123.2,1137.78,1040.1313,1585178
16-02-2016,1133,1141,1121.5,1132.78,1035.5603,1588702
15-02-2016,1125,1153.4301,1120,1134.5699,1037.1968,2479712
12-02-2016,1100,1121.7,1082,1113.3,1017.7524,2172568
11-02-2016,1140,1144.5,1085.8199,1098.97,1004.652,1962408
10-02-2016,1137.5,1144.95,1129.05,1134.4,1037.0414,1890732
09-02-2016,1166.8,1166.8,1127.8,1140.7,1042.8004,2489610
08-02-2016,1200,1206.03,1173.5,1181.47,1080.0717,1063658
05-02-2016,1204.05,1219.97,1204.05,1210.97,1107.0397,1402996
04-02-2016,1210.95,1220,1201,1210.03,1106.1805,1250046
03-02-2016,1193.75,1214.95,1180.15,1208.15,1104.4619,1308692
02-02-2016,1204.5,1216.5,1189.85,1199.05,1096.1428,1475588
01-02-2016,1195.55,1206.47,1179.5,1201.35,1098.2456,1495274
29-01-2016,1179.35,1200,1167.53,1195.65,1093.0349,2235744
28-01-2016,1157.75,1174.45,1154.03,1165.6,1065.5638,3106660
27-01-2016,1151,1164.97,1140.95,1159.88,1060.3346,1626986
25-01-2016,1150.95,1169.5,1145.75,1152.3199,1053.4233,1397560
22-01-2016,1136.5,1151.03,1130,1147.88,1049.3645,1343178
21-01-2016,1142.5,1144.95,1122.88,1127.25,1030.5052,2675536
20-01-2016,1136.9,1142.5,1121.5,1140.05,1037.1788,1615954
19-01-2016,1138.5,1150,1134.15,1139.65,1036.8147,967910
18-01-2016,1131,1145.95,1130,1138.8199,1036.0594,2213922
15-01-2016,1144.4301,1145.85,1127.5,1130.55,1028.5358,3269408
14-01-2016,1136.5,1149.45,1125,1139.4,1036.5872,2742052
13-01-2016,1158.5,1163.5,1127.55,1139.6,1036.769,4746092
12-01-2016,1181.35,1182.5,1150.8,1163.53,1058.5398,3482594
11-01-2016,1191.25,1192,1174.4301,1181.1801,1074.5974,2930228
08-01-2016,1192.5,1203.6801,1186.25,1198.8,1090.6274,1907544
07-01-2016,1185,1191.45,1180,1185.62,1078.6362,3199580
06-01-2016,1175.1,1193.0699,1175.1,1190.8,1083.3492,2653228
05-01-2016,1192.5,1193.3,1170.5,1174.47,1068.4927,2678020
04-01-2016,1205.0699,1207,1183.03,1184.8,1077.8905,1870184
01-01-2016,1219.5,1219.5,1206.12,1208.2,1099.1791,712262
31-12-2015,1207.88,1224.25,1203.75,1218.4301,1108.4862,1240318
30-12-2015,1226.53,1229.5,1206.15,1209.15,1100.0436,1605762
29-12-2015,1229.1801,1232.65,1222.88,1227.9,1117.1016,1708524
28-12-2015,1214,1233.2,1210.1,1231.35,1120.2399,3704198
24-12-2015,1210.5,1219.1,1202,1217.12,1107.2942,843160
23-12-2015,1207.5,1217.5,1205.28,1212.9,1103.455,849834
22-12-2015,1220,1220,1200,1202.53,1094.0209,1560858
21-12-2015,1209.97,1225,1203.4301,1223.2,1112.8256,1610104
18-12-2015,1210,1217.1,1200.3199,1208.4,1099.3611,3024970
17-12-2015,1207.5,1222.5,1196.6801,1219.88,1109.8052,1618844
16-12-2015,1192,1207.25,1192,1204.2,1095.5402,1435934
15-12-2015,1189.22,1192.5,1181.53,1187.9301,1080.7383,1135868
14-12-2015,1167.6,1193.5,1165.3,1189.22,1081.9117,2718532
11-12-2015,1191.5,1195.97,1181.62,1193,1085.3505,1652378
10-12-2015,1184.5,1195.6,1176,1192.28,1084.6954,1723988
09-12-2015,1168.95,1186.4,1160,1183.8199,1076.9991,5282806
08-12-2015,1159.7,1174.5,1158.65,1164.5,1059.4222,1139964
07-12-2015,1166.1,1171.95,1157.62,1159.9,1055.2374,1382604
04-12-2015,1170,1173.65,1160.55,1164.2,1059.1494,1246092
03-12-2015,1180,1186.5,1173.5,1175.38,1069.3206,2283358
02-12-2015,1189,1189.05,1173.25,1182.6,1075.8893,1640296
01-12-2015,1181.45,1189.03,1178.53,1180.95,1074.3879,1721994
30-11-2015,1182.5,1195.62,1175.0699,1186.78,1079.692,4100048
27-11-2015,1174,1179.72,1166.25,1176.6801,1070.5033,1737206
26-11-2015,1188.95,1191.2,1168.9301,1172.78,1066.955,2915292
24-11-2015,1190.03,1196.22,1182.75,1183.97,1077.1355,998640
23-11-2015,1202.65,1206.7,1191.12,1195.53,1087.6523,1088082
20-11-2015,1183.25,1211.78,1180.97,1199.1801,1090.973,2012126
19-11-2015,1182.6801,1190.8,1176,1181.28,1074.6881,1866906
18-11-2015,1194.45,1194.45,1173,1175.72,1069.63,1520352
17-11-2015,1190.25,1199.22,1187.5,1195.28,1087.4249,1985028
16-11-2015,1195,1195,1178,1187.3,1080.1649,2043528
13-11-2015,1219.03,1219.03,1193.28,1198.7,1090.5363,2743232
10-11-2015,1236.47,1238.5,1225,1229.0699,1118.1658,1361920
09-11-2015,1247.5,1251.38,1234.3,1235.6801,1124.1796,2021556
06-11-2015,1246,1259.12,1241.72,1252.88,1139.8275,908024
05-11-2015,1265.4,1267.47,1240,1241.3199,1129.3105,1596098
04-11-2015,1272.5,1273.6,1260,1266.9,1152.5823,991434
03-11-2015,1264,1273.9,1259.25,1271.72,1156.9673,1364906
02-11-2015,1250,1261.4,1243.78,1258.6801,1145.1041,1319294
30-10-2015,1250,1255.95,1242.5,1247.6,1135.0238,1516696
29-10-2015,1266.78,1267.7,1245.03,1247.6801,1135.0966,3130316
28-10-2015,1255.03,1266.78,1255.03,1264.55,1150.4443,1255342
27-10-2015,1265.03,1272.45,1260.1801,1265.55,1151.3544,1530420
26-10-2015,1274.5,1274.5,1257.55,1268.28,1153.8379,1414630
23-10-2015,1274,1274,1263.65,1268.5699,1154.1017,2335398
21-10-2015,1267.5,1271,1261.12,1265,1145.8502,1929688
20-10-2015,1248.12,1265,1247.8,1263.38,1139.401,2695084
19-10-2015,1245,1247.47,1227.9301,1244.38,1122.2651,3130642
16-10-2015,1240.45,1246,1235,1236,1114.7074,2333828
15-10-2015,1245,1251.75,1232.5,1233.88,1112.7954,3215710
14-10-2015,1274,1274,1240,1241.85,1119.9835,8337128
13-10-2015,1301.4,1306,1283.8,1299.28,1171.778,6179712
12-10-2015,1327.5,1330.1801,1293.5,1296.3,1169.09,2455912
09-10-2015,1325.25,1325.3,1304,1314.8199,1185.7927,2249724
08-10-2015,1335,1339.1801,1310,1316.9,1187.6688,2357550
07-10-2015,1346.97,1358.5,1323.47,1326.97,1196.7505,2065530
06-10-2015,1362.5,1363,1342,1350,1217.5208,3979590
05-10-2015,1326.35,1385,1326.35,1355.8199,1222.7695,4807306
01-10-2015,1299.5,1324.97,1296.1,1322.3,1192.5388,2834408
30-09-2015,1321.85,1321.85,1285.47,1294.03,1167.0432,3368336
29-09-2015,1291.6801,1317,1284.9301,1294.12,1167.1243,3325952
28-09-2015,1297,1309.5,1289.75,1296.85,1169.5863,2366812
24-09-2015,1267.75,1295,1264.95,1290.2,1163.5886,2354254
23-09-2015,1267.15,1278.88,1256.3,1266.3199,1142.052,1228352
22-09-2015,1278.75,1286.2,1245,1263.4,1139.4189,2081246
21-09-2015,1275,1278.55,1266.6,1275.53,1150.3586,1108840
18-09-2015,1282.5,1293,1269.5,1275.62,1150.4396,2455294
16-09-2015,1277.5,1282.5,1270.53,1275.1801,1150.0428,1756816
15-09-2015,1275.8199,1279.45,1268,1268.62,1144.1268,1379900
14-09-2015,1282.5,1282.5,1271.5,1275.8199,1150.62,1589318
11-09-2015,1273.25,1284.2,1270.3,1276,1150.7822,1592672
10-09-2015,1271,1289.25,1263.5,1272.7,1147.8059,2665818
09-09-2015,1281.47,1287,1272,1274.88,1149.7722,2045076
08-09-2015,1272.5,1282.05,1261.75,1270.15,1145.5066,1787746
07-09-2015,1276.5,1279.97,1266.35,1269.88,1145.2627,1759184
04-09-2015,1305.7,1307.45,1269.5699,1273.72,1148.726,2426396
03-09-2015,1298.05,1307.5,1288.12,1302.8,1174.9525,2265074
02-09-2015,1279.85,1310.22,1274,1295.9,1168.7295,3765950
01-09-2015,1278,1305.6,1265,1268.7,1144.1986,2987602
31-08-2015,1295,1295,1265.53,1282.03,1156.2203,3692044
28-08-2015,1304.5,1304.5,1278.85,1285.4301,1159.2869,2744152
27-08-2015,1307.45,1307.45,1272.9,1287.3199,1160.9913,5264798
26-08-2015,1279.03,1319.5,1255.97,1288.38,1161.9474,3216158
25-08-2015,1293.95,1311,1267.75,1283.5699,1157.6094,3925800
24-08-2015,1319.5,1322.5,1284.55,1289.3199,1162.795,4692344
21-08-2015,1356,1364.95,1327.55,1338.0699,1206.7612,3536080
20-08-2015,1372.5,1372.5,1336,1343.4301,1211.5953,2349298
19-08-2015,1375,1376.4301,1360.95,1366.8,1232.6721,1690070
18-08-2015,1353.45,1374.95,1345,1370.45,1235.9635,1916926
17-08-2015,1345.05,1348.4,1327.5,1342.38,1210.6482,773644
14-08-2015,1319,1359.6801,1318.55,1351.6,1218.9636,2293964
13-08-2015,1335,1342,1278,1317.8,1188.4805,1406426
12-08-2015,1301.55,1345.7,1301,1335.85,1204.7589,3479784
11-08-2015,1289,1305,1271.05,1302.1,1174.3209,2200306
10-08-2015,1286,1294.5,1278.3,1286.05,1159.8461,1431182
07-08-2015,1286.5,1286.5,1273.5,1276.03,1150.8093,1188506
06-08-2015,1282.5,1291.5,1275.05,1286.65,1160.3873,2211366
05-08-2015,1260,1275,1255.5,1273.5699,1148.5908,988994
04-08-2015,1255.2,1261.5,1243,1254.45,1131.3469,2342692
03-08-2015,1251.7,1262.5,1250.45,1254.8,1131.6626,1179324
31-07-2015,1244.95,1259.5,1243.5,1255.38,1132.1857,1963776
30-07-2015,1258.03,1258.4,1236.4,1240.3199,1118.6036,2770574
29-07-2015,1255.5,1257.53,1241.75,1253.38,1130.3821,2413318
28-07-2015,1249.75,1259.5,1246.0699,1251.03,1128.2625,1891188
27-07-2015,1244,1252.5,1240.5699,1248.53,1126.0081,2003738
24-07-2015,1248.75,1258.25,1246.05,1252.5699,1129.6517,1574972
23-07-2015,1258.75,1268.9301,1241.5,1244.3,1122.1929,1496780
22-07-2015,1280.5,1284.5,1260.53,1264.03,1139.9871,1320628
21-07-2015,1288,1300.1801,1277.55,1280.7,1155.021,1274500
20-07-2015,1282,1291.95,1275.95,1289.5699,1163.0205,853786
17-07-2015,1273.4,1285.05,1271.65,1282.2,1151.4136,1070526
16-07-2015,1271.85,1279.4301,1263.3,1270.1,1140.5477,1456608
15-07-2015,1250.5,1274.97,1250,1272.88,1143.0444,2003660
14-07-2015,1255.5,1257.5,1245,1249.75,1122.2737,1703274
13-07-2015,1237.7,1259.3,1237.7,1254.78,1126.7906,2280308
10-07-2015,1279.5,1279.5,1227.5,1237.1801,1110.986,8263654
09-07-2015,1297.5,1299.12,1253.3199,1261.25,1132.6005,3934122
08-07-2015,1298.97,1310.85,1290.25,1297.55,1165.1979,2667850
07-07-2015,1316.38,1323.45,1301.5,1308.12,1174.6897,1642836
06-07-2015,1290.15,1322.5,1290.15,1316.65,1182.3497,1182338
03-07-2015,1286.53,1305,1285,1301.95,1169.149,963470
02-07-2015,1300,1301.47,1285.53,1288.88,1157.4122,1445880
01-07-2015,1281.95,1304,1278.38,1296.55,1164.2999,1279708
30-06-2015,1292.5,1294.38,1270,1275.47,1145.3699,1549952
29-06-2015,1286,1302,1271.7,1296.45,1164.2102,1372756
26-06-2015,1275.1,1298.1801,1275.1,1296.4,1164.1654,1290102
25-06-2015,1281,1286.5,1272.0699,1275,1144.9481,1930992
24-06-2015,1290,1293.95,1279.4301,1285.15,1154.0627,1170246
23-06-2015,1300,1304,1283.6,1287.3,1155.9934,898318
22-06-2015,1273.5,1300,1273.5,1295.75,1163.5814,1102002
19-06-2015,1267.5,1277.5,1263.55,1274.78,1144.7506,1999610
18-06-2015,1257.5,1273.15,1254,1265.03,1135.9949,2165046
17-06-2015,1260.5,1264.5699,1250.9,1256.9,1128.6945,1975720
16-06-2015,1250,1259.65,1247.22,1256,1127.8861,1267396
15-06-2015,1252.65,1260.22,1240.5,1252.4,1124.6532,2525176
12-06-2015,1285.95,1294.47,1238.4,1252.9,1125.1022,2571456
11-06-2015,1302.75,1306.5,1278.38,1285.65,1154.5118,1847336
10-06-2015,1283,1305,1281.9,1300.38,1167.7391,2763350
09-06-2015,1292.5,1295,1275.5,1280.8199,1150.1742,2578914
08-06-2015,1295,1295,1280.8199,1288.72,1157.2688,1570320
05-06-2015,1296,1304.5,1285,1287.9301,1156.5593,2308534
04-06-2015,1308.55,1311.4,1294.25,1302.8199,1148.3783,4131468
03-06-2015,1302,1312.8,1295.25,1305.45,1150.6965,1804684
02-06-2015,1308,1315,1295.25,1299.95,1145.8485,3935820
01-06-2015,1304.72,1323.55,1304.1801,1308.88,1153.7201,882264
29-05-2015,1308.5,1324.3,1298.62,1305.15,1150.4324,4423532
28-05-2015,1301.95,1311.5,1291.12,1304.75,1150.0797,2763608
27-05-2015,1304,1316.5699,1296,1307.62,1152.6094,1620690
26-05-2015,1302.5,1311.62,1294.45,1304.4301,1149.7977,1961740
25-05-2015,1310,1318.45,1292.85,1300.5,1146.3334,982978
22-05-2015,1275,1314.38,1269.62,1308.95,1153.7816,2691632
21-05-2015,1278.5,1290,1274.0699,1277.75,1126.2803,1579578
20-05-2015,1260,1284.95,1258.45,1278.53,1126.9678,1897814
19-05-2015,1259.7,1265,1248.38,1256.35,1107.417,1957722
18-05-2015,1257.05,1262.62,1248.55,1260.2,1110.8107,4507752
15-05-2015,1257.5,1266.2,1250.5,1255.5699,1106.7295,1461454
14-05-2015,1260,1260,1242.5,1249.62,1101.485,1309050
13-05-2015,1273.5,1273.5,1240.22,1257.7,1108.6072,1863774
12-05-2015,1280,1282.5,1256.5,1261.45,1111.9126,2467386
11-05-2015,1267.5,1281.53,1262.5,1278,1126.5009,2573082
08-05-2015,1280,1294,1258.15,1263.62,1113.8256,3003664
07-05-2015,1232.45,1276.88,1226.85,1272.62,1121.7582,3205028
06-05-2015,1257.5,1257.5,1227.9,1231.53,1085.5394,3394406
05-05-2015,1250.5,1268.22,1250,1258.9301,1109.6913,3255070
04-05-2015,1245.5,1252.4,1228.6,1240.78,1093.6929,1890630
30-04-2015,1240,1245,1213.55,1231.85,1085.8212,3738054
29-04-2015,1242,1247.5,1225.53,1243.65,1096.2229,2019620
28-04-2015,1255,1255,1227.55,1247.5,1099.6161,3088298
27-04-2015,1249.75,1260,1243,1250.1,1101.9081,2733052
24-04-2015,1227.65,1257,1223.78,1246.53,1098.7615,3625158
23-04-2015,1236,1239.9,1215.85,1228.62,1082.9745,4342990
22-04-2015,1215.75,1236.5,1203.78,1222.55,1077.6238,4186812
21-04-2015,1214.4,1226,1200.5,1213.53,1069.6731,2546032
20-04-2015,1240.03,1241.95,1212.4301,1214.4,1070.4401,2890722
17-04-2015,1278.55,1280,1235,1237.4301,1090.7401,9668742
16-04-2015,1313.47,1313.5,1285.6801,1291.4,1138.3121,3217570
15-04-2015,1327.35,1356.95,1304.7,1313.88,1158.1271,2913934
13-04-2015,1332,1332.5,1314,1327.75,1170.353,1308642
10-04-2015,1324.25,1335.4,1314,1326.88,1169.5862,1815544
09-04-2015,1329.5,1343.72,1317.5699,1332.28,1174.3459,2544450
08-04-2015,1297,1328.25,1295.4301,1320.7,1164.1388,1652134
07-04-2015,1281.22,1299.5,1272,1292.5,1139.2816,1886922
06-04-2015,1279,1281.45,1250.05,1273.65,1122.6661,1568542
01-04-2015,1279,1281.8,1261.12,1271.3199,1120.6127,2075758
31-03-2015,1284.72,1284.72,1260.5,1276.97,1125.5925,2427028
30-03-2015,1262.5,1284.95,1260,1282.0699,1130.088,1339006
27-03-2015,1265.5,1285.95,1252.05,1257.4,1108.3429,2751776
26-03-2015,1276.65,1293.35,1250.5,1256.55,1107.5934,3091642
25-03-2015,1295.7,1307,1272.6,1286.88,1134.3279,2224858
24-03-2015,1315,1318.5,1291.05,1295.65,1142.0584,2394878
23-03-2015,1308,1315.5,1303,1308.5699,1153.4467,1566608
20-03-2015,1298,1309,1289.4301,1305.47,1150.7142,1963908
19-03-2015,1288,1302.9301,1284.05,1298.12,1144.2355,2448964
18-03-2015,1295.47,1299.72,1275.85,1279.6801,1127.9816,1255170
17-03-2015,1291.25,1303.35,1278.88,1291.85,1138.7084,1267318
16-03-2015,1292.6,1305,1276,1281.15,1129.2772,1556296
13-03-2015,1319,1319.97,1287.5,1291.1801,1138.1183,1586838
12-03-2015,1311.95,1312.45,1295.05,1309.53,1154.2931,1827636
11-03-2015,1321,1329.97,1298.9,1303.28,1148.7839,2240200
10-03-2015,1324.45,1339.12,1297.62,1321.35,1164.7117,3037052
09-03-2015,1320,1339.9,1305,1323.4,1166.5188,2883174
05-03-2015,1375,1385.35,1340.53,1348.22,1188.3962,2173514
04-03-2015,1394,1406.05,1357.8199,1373,1210.2389,3862994
03-03-2015,1341,1395,1338.0699,1388,1223.4607,3424308
02-03-2015,1339.85,1354.47,1326.28,1334.7,1176.4792,2176038
27-02-2015,1329.72,1337.88,1308.15,1331.1801,1173.3767,2877376
26-02-2015,1339.5,1346.38,1312.6801,1328.22,1170.7673,1991994
25-02-2015,1355,1361,1333.9301,1336.1,1177.7131,1767994
24-02-2015,1347,1365,1339.5,1352.38,1192.0631,2199922
23-02-2015,1335.5,1361,1335.5,1348.3199,1188.4847,1614892
20-02-2015,1349.4,1349.4,1321.12,1337.78,1179.1941,1801588
19-02-2015,1318,1343.65,1317.5,1340.53,1181.618,2618002
18-02-2015,1292.53,1321.5,1282.62,1317.8199,1161.6002,2660014
16-02-2015,1280,1297.5,1277.5,1292.4,1139.1935,2364392
13-02-2015,1235,1273.88,1230.12,1269.38,1118.9021,4158326
12-02-2015,1239.9,1239.9,1223.5,1231.0699,1085.1335,3107980
11-02-2015,1227.53,1243.62,1223.62,1229.95,1084.1467,2937522
10-02-2015,1255,1263.12,1216.5,1220.5699,1075.8788,3799054
09-02-2015,1280.75,1284.55,1250,1256.45,1107.5052,2076432
06-02-2015,1276.5,1297.4,1275.4301,1287.88,1135.2094,2136416
05-02-2015,1260,1295.85,1259.5,1276.2,1124.9138,4530168
04-02-2015,1284,1285.85,1251.05,1257.15,1108.1222,2245418
03-02-2015,1255.8199,1282.5,1253.55,1279.12,1127.4877,2345054
02-02-2015,1241,1260.72,1231.03,1257.1,1108.0782,3181802
30-01-2015,1280.35,1287.5,1235,1241.03,1093.9133,5817402
29-01-2015,1269,1284.35,1256.45,1272.3199,1121.494,3734392
28-01-2015,1251.5,1272.45,1251.45,1269.8,1119.2727,3121980
27-01-2015,1256.1801,1257.5,1244.78,1251.03,1102.7278,2738736
23-01-2015,1257,1266.03,1248.05,1251.8,1098.9995,3150380
22-01-2015,1258.25,1260.62,1247.75,1256.78,1103.3711,2113214
21-01-2015,1261,1261,1244.12,1256.9,1103.4766,2310480
20-01-2015,1260,1265,1241.62,1250.22,1097.6123,2058566
19-01-2015,1268,1275.5,1251.5,1255.5,1102.2474,1135074
16-01-2015,1271.85,1272.5,1242.15,1266.0699,1111.5272,5293830
15-01-2015,1266.5,1290.88,1261.62,1269.55,1114.5825,5009920
14-01-2015,1258,1265.9,1250.25,1260.97,1107.0498,1787096
13-01-2015,1260,1265.2,1240.05,1248.95,1096.4969,1468432
12-01-2015,1258.5,1264,1240.12,1254.85,1101.6768,1596006
09-01-2015,1227.5,1259.95,1225,1256.15,1102.8181,3197642
08-01-2015,1221.2,1224.5,1210.28,1221.9,1072.7488,1565408
07-01-2015,1235,1239.5699,1203.72,1208.85,1061.292,2636332
06-01-2015,1264.55,1264.55,1220,1223.3,1073.9783,2423784
05-01-2015,1290.5,1299.95,1262.3199,1270.12,1115.083,1754242
02-01-2015,1275.5,1295.47,1275.3,1289.72,1132.2906,925740
01-01-2015,1283.5,1283.5,1270.5,1272.78,1117.4183,366830
31-12-2014,1266.35,1283.2,1262.5,1279.12,1122.9844,1573792
30-12-2014,1262.5,1271.22,1258,1265.03,1110.6144,701342
29-12-2014,1254,1268.47,1253.5,1261.45,1107.4714,778920
26-12-2014,1243,1255,1232.5,1252.5,1099.6138,626206
24-12-2014,1257.5,1260.4301,1232.8199,1239.95,1088.5957,3288972
23-12-2014,1250,1268.3199,1247.3,1258.35,1104.7498,1266476
22-12-2014,1263,1264.5,1237.2,1256.7,1103.3009,1643954
19-12-2014,1235.65,1261.88,1234,1255.28,1102.0544,1903130
18-12-2014,1227.55,1234.25,1217.4,1230.35,1080.1674,1481444
17-12-2014,1226.7,1235,1202.62,1222.05,1072.8807,2287076
16-12-2014,1175,1229.62,1172.5,1221.53,1072.4243,3339140
15-12-2014,1192.45,1192.5,1176.12,1179.3199,1035.3665,3487788
12-12-2014,1250,1260,1211.3199,1225.35,1075.7778,2380786
11-12-2014,1250.3,1261.45,1243.5,1246.0699,1093.9688,1938822
10-12-2014,1257.5,1265.95,1248.1,1253.95,1100.887,2087970
09-12-2014,1258,1279.5,1254.55,1257.4301,1103.942,2487940
08-12-2014,1297.5,1297.5,1250.8199,1256.4,1103.038,3232574
05-12-2014,1320.45,1324.9,1286.0699,1289.47,1132.0709,2359676
04-12-2014,1332,1333.5,1314.95,1318.97,1157.9701,1285308
03-12-2014,1335.95,1336.7,1309.25,1317.6801,1156.8375,3094670
02-12-2014,1346.5,1355.47,1324.6801,1328.65,1166.4684,1436572
01-12-2014,1325.25,1350,1322.62,1346.47,1182.1132,1896354
28-11-2014,1329.1801,1345.95,1317.6801,1321.5,1160.1913,1989768
27-11-2014,1313.65,1334,1312.65,1326.65,1164.7126,1732418
26-11-2014,1315.03,1328.1801,1307.5,1313.65,1153.2994,1584800
25-11-2014,1330,1339.7,1308,1318,1157.1188,2371684
24-11-2014,1311,1332.5,1311,1328.85,1166.6439,1942766
21-11-2014,1304,1320,1293.3199,1311.0699,1151.0343,2001594
20-11-2014,1294,1305.12,1280.28,1302.72,1143.7039,1795386
19-11-2014,1299,1299,1278.72,1286.88,1129.7972,1865746
18-11-2014,1310,1313.3199,1289.88,1292.9301,1135.1085,1467026
17-11-2014,1297.55,1312.5,1296.12,1309.15,1149.3488,1570552
14-11-2014,1292.6,1305.5699,1287.5,1303.22,1144.1428,1457174
13-11-2014,1297.5,1302.45,1282.5699,1294.22,1136.241,1645540
12-11-2014,1290,1305.5,1287.5,1295.88,1137.6986,1320582
11-11-2014,1289,1297,1277.7,1290.35,1132.8439,1249940
10-11-2014,1287.55,1291,1275.5,1284.8199,1127.9888,1541964
07-11-2014,1302.4,1307.85,1278.5,1286.4301,1129.402,2126740
05-11-2014,1319,1319,1295,1299.75,1141.0961,2310642
03-11-2014,1324.5,1324.5,1290.25,1295.1801,1137.0844,2541632
31-10-2014,1280.5,1310,1280.5,1303.9301,1144.7661,3170070
30-10-2014,1260.9,1287.45,1254.5,1279.1,1122.9666,4111292
29-10-2014,1237.5,1257,1236.5,1253.03,1100.0797,2425016
28-10-2014,1242.45,1242.45,1226.72,1239.3,1083.6354,2289958
27-10-2014,1259.5,1259.85,1222.47,1228.5699,1074.2532,2797208
22-10-2014,1242.5,1244.5,1222.55,1225.9301,1071.9447,2067664
21-10-2014,1212.9301,1221.88,1207.5,1216.7,1063.8743,1950732
20-10-2014,1245,1246.8,1208.97,1211.65,1059.4587,3399242
17-10-2014,1237.5,1255.6801,1215,1220.5699,1067.2579,9892812
16-10-2014,1365,1379.3,1332.12,1339.05,1170.8558,3848014
15-10-2014,1349.6,1349.6,1349.6,1349.6,1180.0808,0
14-10-2014,1365,1367.85,1339.4,1349.6,1180.0808,2369406
13-10-2014,1340,1362.4,1335,1358.28,1187.6708,2209532
10-10-2014,1353,1363.72,1334.25,1339.25,1171.0309,2344362
09-10-2014,1354,1361.65,1343.25,1353.03,1183.0803,1685176
08-10-2014,1369,1369.97,1324.62,1341.6,1173.0857,1962442
07-10-2014,1369.8,1419.85,1362.8,1365.6801,1194.1411,3457674
01-10-2014,1376,1401,1368.5,1387.8,1213.4827,2142022
30-09-2014,1386.47,1388.3199,1354.0699,1368.3,1196.4321,2788954
29-09-2014,1347.7,1387.72,1337.65,1383.97,1210.1338,2089534
26-09-2014,1355,1362.45,1335.05,1342,1173.4354,1612712
25-09-2014,1330.47,1362.5,1330,1354.3,1184.1908,2473158
24-09-2014,1346.5,1353.47,1316.38,1321.5,1155.5103,2442132
23-09-2014,1362,1391.22,1341.65,1344.1,1175.2719,2055990
22-09-2014,1357,1367,1338.12,1360.9,1189.9614,999584
19-09-2014,1321.5,1370,1321,1357.1,1186.6389,3587864
18-09-2014,1295.85,1325.9,1290.5,1321.15,1155.2045,1483078
17-09-2014,1280.5,1302.38,1280.5,1295.6,1132.8638,1657700
16-09-2014,1283,1287.5,1272,1275.4301,1115.2272,1535608
15-09-2014,1307,1309.3,1277,1279.15,1118.4797,1151544
12-09-2014,1305,1312.1801,1296.6,1303.8,1140.0339,1196210
11-09-2014,1305,1312.2,1295.75,1299.1801,1135.9941,1075622
10-09-2014,1319,1321.38,1295.6,1300.0699,1136.7723,1258768
09-09-2014,1326,1333.5,1312.55,1315.62,1150.3691,1418098
08-09-2014,1306,1325,1299.53,1321.35,1155.3795,1697342
05-09-2014,1299.95,1310.9,1291.53,1299.3,1136.0989,1467060
04-09-2014,1311,1313.72,1288.72,1292.38,1130.0482,1701598
03-09-2014,1269.5,1308,1269.5,1303.2,1139.5089,3061690
02-09-2014,1272.9,1277.4,1257.05,1268.95,1109.5609,1407940
01-09-2014,1262.7,1280,1261.53,1268.5699,1109.229,810148
28-08-2014,1273.5,1274.65,1256.5,1261.1801,1102.7671,1766288
27-08-2014,1267,1283.7,1257.03,1274.97,1114.8248,1435460
26-08-2014,1264.5,1275,1250,1266.9,1107.7688,1815490
25-08-2014,1235,1264.25,1233.45,1261.03,1102.6361,3143512
22-08-2014,1222,1234.1,1217.9,1232.1,1077.3395,3096238
21-08-2014,1223.5,1230,1215,1216.22,1063.4545,2265450
20-08-2014,1222.25,1227.53,1215.03,1218.1,1065.0981,2056758
19-08-2014,1250,1252.45,1217.5,1219.25,1066.1036,3234156
18-08-2014,1245.53,1252.5,1235,1243.8,1087.5701,1373260
14-08-2014,1257,1266,1245.03,1249.88,1092.8866,1578056
13-08-2014,1235,1265,1235,1250.03,1093.0175,2768378
12-08-2014,1244.95,1244.95,1220.1,1235.88,1080.6449,984552
11-08-2014,1245.45,1247.78,1227.5,1234.2,1079.1759,1290896
08-08-2014,1232.5,1253.85,1232.5,1239.35,1083.679,1464790
07-08-2014,1245,1247.5,1229.53,1234.9,1079.788,1672656
06-08-2014,1258.0699,1267.4301,1245.12,1253.3199,1095.8945,1837562
05-08-2014,1272.45,1272.5,1245.05,1261.85,1103.3529,1404656
04-08-2014,1266,1270.95,1244,1263.03,1104.3844,1828636
01-08-2014,1287.5,1293.97,1255,1258.2,1100.1615,2381882
31-07-2014,1287.55,1299,1284.62,1290.03,1127.9934,2407210
30-07-2014,1292.4,1305,1286.3,1297.53,1134.5514,1899252
28-07-2014,1288.5699,1299.8199,1277.5,1294.65,1132.033,1314922
25-07-2014,1297,1307.1801,1283.5,1302.88,1134.8573,1806914
24-07-2014,1297.45,1301,1283.5,1297.6,1130.2582,1481418
23-07-2014,1270,1298.15,1266.15,1293.0699,1126.3125,2065858
22-07-2014,1232.5,1270,1230.95,1266.2,1102.9077,2399016
21-07-2014,1234,1234.9301,1221.53,1231.88,1073.0138,981072
18-07-2014,1226,1242.5,1217.5,1220.6,1063.1886,3507488
17-07-2014,1205,1214.9,1187.5,1190.97,1037.3791,1790220
16-07-2014,1204.8199,1212,1193.4301,1200.9301,1046.0552,1407240
15-07-2014,1213.1,1215,1196.88,1199.65,1044.9401,1389656
14-07-2014,1209.4,1219.5,1192.62,1213.12,1056.6731,1587924
11-07-2014,1185.5,1205,1180.55,1197.22,1042.8236,1329446
10-07-2014,1199.78,1209.8,1167.5,1175.9,1024.2532,1990562
09-07-2014,1235,1236.3199,1190.8,1199.0699,1044.4349,1554242
08-07-2014,1242.47,1243.0699,1216.62,1224.72,1066.7771,2500588
07-07-2014,1210.03,1249,1205.2,1244.28,1083.8146,2204902
04-07-2014,1206.2,1212.75,1200.5,1205.25,1049.818,536136
03-07-2014,1199.5,1222.5,1196,1208.95,1053.0409,1526762
02-07-2014,1200,1205.88,1191.75,1200.8,1045.9419,907740
01-07-2014,1209.45,1209.5,1191.15,1195.38,1041.2207,1092790
30-06-2014,1200.28,1217.5,1188.3,1212.7,1056.3071,2146470
27-06-2014,1158.5,1203.45,1157.5,1199.78,1045.0532,3058836
26-06-2014,1148,1172.0699,1145.5699,1153.8199,1005.0204,2036182
25-06-2014,1155,1160,1146.5,1155.28,1006.2924,1028422
24-06-2014,1134.5,1159.75,1127.5,1154.53,1005.6387,1479100
23-06-2014,1146.5,1149.95,1127.03,1134.4301,988.131,1262734
20-06-2014,1142.45,1149.5,1131,1146.2,998.3831,1155674
19-06-2014,1115,1144.5,1105.05,1138.03,991.2667,1896354
18-06-2014,1146.5,1146.5,1110.65,1113.53,969.9263,1948824
17-06-2014,1142.45,1148.5,1135.5,1139.9301,992.9217,1918144
16-06-2014,1105,1138.47,1105,1134.88,988.5233,2439906
13-06-2014,1119,1119.5,1092.53,1106.78,964.0468,1904022
12-06-2014,1124.5,1127,1091.9,1118.6801,974.4124,2734338
11-06-2014,1082.5,1107,1069.1,1103.47,961.1638,3544562
10-06-2014,1057.5,1080.47,1057.5,1079.0699,939.9104,2628068
09-06-2014,1043.5,1059,1040,1056.9,920.5995,2666196
06-06-2014,1050.0699,1053.9,1028,1042.12,907.7255,3361586
05-06-2014,1041.55,1058.2,1034,1052.0699,898.9716,4348470
04-06-2014,1065,1067.45,1038.5,1044.62,892.6059,2141062
03-06-2014,1064.9301,1069,1052.6,1064.3,909.422,2484628
02-06-2014,1072,1078.88,1058.03,1064.9301,909.9603,1095158
30-05-2014,1079.4,1083.5,1065.0699,1070.6801,914.8738,2585648
29-05-2014,1072.5,1090,1067.6,1079.97,922.8116,2820710
28-05-2014,1070,1079.38,1061.22,1075.28,918.8041,1887488
27-05-2014,1080.0699,1092.3,1059,1065.72,910.6355,1795094
26-05-2014,1074.5,1084.8,1066.8,1077,920.2737,2650850
23-05-2014,1059.5,1074.5,1048,1063.95,909.1228,3094780
22-05-2014,1048.38,1062,1037.55,1055.97,902.3042,4216842
21-05-2014,1030.6,1044.5,1027.9,1041.4301,889.8799,4116946
20-05-2014,1014,1080,1014,1034.1,883.6166,4702114
19-05-2014,1075,1080,999.75,1018.35,870.1587,6516606
16-05-2014,1100.03,1126.7,1050.12,1080.38,923.162,5241798
15-05-2014,1108.05,1112.5,1085.5699,1096.5699,936.9959,2520196
14-05-2014,1107.2,1118.85,1100.55,1108.05,946.8055,1389228
13-05-2014,1082.9,1119.5,1082.9,1105.47,944.6006,2547484
12-05-2014,1076.5,1083.35,1061.5699,1079.6801,922.564,2886064
09-05-2014,1076,1092.35,1076,1079.95,922.7944,1799440
08-05-2014,1082.55,1090.9,1073.8199,1081.03,923.7174,2606900
07-05-2014,1095.53,1101.5,1070.05,1082.78,925.2127,4716182
06-05-2014,1106.85,1110.8,1095,1099.45,939.4568,961232
05-05-2014,1105.4,1114.5,1102.0699,1106.85,945.78,1314478
02-05-2014,1090.62,1109.95,1090.62,1104.22,943.5327,1917778
30-04-2014,1092.55,1102.8,1090.5,1094.6,935.3126,2397378
29-04-2014,1093,1103.1801,1088.45,1097.12,937.4659,1846180
28-04-2014,1102.62,1111.35,1090.05,1095.6801,936.2356,2550766
25-04-2014,1113.5,1117.5,1096.6,1102.62,942.1657,3160448
24-04-2014,1106.88,1106.88,1106.88,1106.88,945.8058,0
23-04-2014,1115.7,1121.95,1100.55,1106.88,945.8058,1938992
22-04-2014,1116.97,1124.95,1109.95,1110.53,948.9245,1486274
21-04-2014,1110,1121.45,1105.65,1110.88,949.2236,1842594
17-04-2014,1110,1113.5,1071.35,1111.45,949.7105,7681438
16-04-2014,1132,1132,1092.1,1098.15,938.3461,3475910
15-04-2014,1090.5,1129,1087.03,1126.38,962.4679,3597244
11-04-2014,1059,1087.45,1050,1082.05,924.589,2340742
10-04-2014,1070.2,1074.3199,1057.6,1063.0699,908.3708,2152886
09-04-2014,1076,1081,1052.5,1070.2,914.4636,3350500
07-04-2014,1065.05,1082.97,1060.35,1076.9,920.1884,2594986
