Date,open,high,low,Close,adjusted_close,volume
12-04-2019,779,786.35,774.55,785.35,785.35,3161818
11-04-2019,790.4,795.75,779.5,782.85,782.85,1683293
10-04-2019,786.05,798.95,786,790.25,790.25,2497013
09-04-2019,790.35,797.7,787.3,789.5,789.5,2128462
08-04-2019,779.7,790,773.4,787.15,787.15,1368825
05-04-2019,779,787.1,774.5,777.25,777.25,1367411
04-04-2019,777.9,781.75,767.25,774.5,774.5,1751584
03-04-2019,792.45,793.35,776.25,777.7,777.7,1467406
02-04-2019,790.95,794,785.05,792.45,792.45,2596840
01-04-2019,782.85,794.8,779,785.5,785.5,3433947
28-03-2019,770,782,768.05,771.7,771.7,3908706
27-03-2019,771,773,761.6,764.95,764.95,3893738
26-03-2019,790.2,791.9,768.15,770.75,770.75,3169827
25-03-2019,792,795.45,786.4,789.6,789.6,1861646
22-03-2019,794.5,798,783.2,788.75,788.75,2815749
20-03-2019,797,806.2,787.3,789.85,789.85,3331375
19-03-2019,793.5,797.45,783.25,794.65,794.65,2413153
18-03-2019,804.95,805.7,782.25,788.6,788.6,3379301
15-03-2019,794,807.5,787,799.3,799.3,3854238
14-03-2019,792.1,795,775,788.45,788.45,3112666
13-03-2019,808.9,816,788,789.95,789.95,4815576
12-03-2019,811,813.75,801.15,804.7,804.7,2793702
11-03-2019,812,814.4,803,807.15,807.15,2699806
08-03-2019,810.2,813.5,802.6,811.35,811.35,1437045
07-03-2019,823.55,825.45,806.25,808.25,808.25,2306250
06-03-2019,812,829.7,812,823.55,823.55,3999053
05-03-2019,822.5,824.7,808.05,810,810,4927644
01-03-2019,831,836.5,829.1,831.8,831.8,3820707
28-02-2019,833,838.4,825,830.15,830.15,6409662
27-02-2019,836.4,837.95,820.6,825.6,825.6,3703224
26-02-2019,825,838.4,820.6,833.3,833.3,3319590
25-02-2019,830.2,832.9,822.5,830.65,830.65,2881535
22-02-2019,824.9,829.75,818.1,826,826,4789937
21-02-2019,814,840,809.1,820.65,820.65,14193982
20-02-2019,794.05,816.25,785.25,812.4,812.4,3340240
19-02-2019,807,809,788.85,791,791,2372030
18-02-2019,815,822,800.5,803.45,803.45,3851335
15-02-2019,804.8,804.8,777.25,799.65,799.65,4312334
14-02-2019,805.8,811.75,800.4,805.9,805.9,2464657
12-02-2019,809.9,814.9,796.45,805.15,805.15,2416559
11-02-2019,809,813.9,804,809.4,809.4,2541742
08-02-2019,800,818,800,805.55,805.55,5242725
07-02-2019,809,816.2,798.1,805,805,4966655
06-02-2019,784,814.5,774,811.35,811.35,14860848
05-02-2019,752,760,740.2,751,751,2446263
04-02-2019,749,752.25,736.6,749.15,749.15,1518373
01-02-2019,732.95,750.6,728,746.6,746.6,2260029
31-01-2019,718,736.7,718,731.9,731.9,3253640
30-01-2019,732,733.4,711.75,714.6,714.6,2139900
29-01-2019,735.2,742.4,721.4,731.5,731.5,3100457
28-01-2019,732.2,738,721.15,735.15,735.15,1804582
25-01-2019,732,735.2,724,729.05,729.05,2528541
24-01-2019,724,730,716.5,727.75,727.75,1849102
23-01-2019,714,725.9,711,720.7,720.7,1965283
22-01-2019,714,720,701.8,714.2,714.2,2839669
21-01-2019,710.35,721.4,709,713.9,713.9,2586962
18-01-2019,705,714.2,702.35,709.15,709.15,1888004
17-01-2019,699.5,709.1,696,705.55,705.55,1434040
16-01-2019,705,705,697,699.9,699.9,1922647
15-01-2019,682.95,710.8,682.05,706.25,706.25,2491520
14-01-2019,703,703.1,676.9,679.85,679.85,1558602
11-01-2019,694,701.25,687,699.2,699.2,1849817
10-01-2019,695,696.95,689.15,694.55,694.55,1454656
09-01-2019,694.2,701.4,684,693.7,693.7,2183998
08-01-2019,688,692.4,685.2,689.85,689.85,1300906
07-01-2019,685,690.85,682.55,687.5,687.5,1885000
04-01-2019,694.45,697.05,672.5,681.1,681.1,3926171
03-01-2019,715.05,716,685.25,691.25,691.25,3558015
02-01-2019,719.15,729.7,709.25,712.05,712.05,2576769
01-01-2019,715,721.45,715,719.1,719.1,815535
31-12-2018,720,726.45,715.1,723.15,723.15,1814655
28-12-2018,710,718.4,710,714,714,1863654
27-12-2018,702,713.5,696.15,708.9,708.9,3018106
26-12-2018,695.9,697.9,686,693.55,693.55,1881689
24-12-2018,699,704.9,690.6,697.9,697.9,1472565
21-12-2018,710,713.5,693,695.75,695.75,2063928
20-12-2018,702,717,702,707.75,707.75,1817880
19-12-2018,709,714.05,691.9,709.45,709.45,2702676
18-12-2018,715,716.55,704.2,709,709,1905592
17-12-2018,712.5,722.5,711.5,719.75,719.75,1435014
14-12-2018,709.15,716.8,705.1,712.2,712.2,1982037
13-12-2018,706,713,697.1,709.3,709.3,2593714
12-12-2018,700,711.2,690.55,705.35,705.35,2355119
11-12-2018,690,708.9,685,695.3,695.3,3495336
10-12-2018,687,705,680.05,687.9,687.9,2334813
07-12-2018,698,703.95,685.15,694.25,694.25,2423892
06-12-2018,724,724,690.6,696.4,696.4,3467903
05-12-2018,711.05,739.9,711.05,726.85,726.85,4864922
04-12-2018,712.7,724.75,704.55,723.55,723.55,2896702
03-12-2018,706.8,717.65,703.7,712.7,712.7,2410009
30-11-2018,688.8,709.9,686.95,705.95,705.95,3292579
29-11-2018,706,706,685.25,687.5,687.5,2351937
28-11-2018,701,705.9,692,697.5,697.5,2767316
27-11-2018,695.7,708.3,685.05,694.15,694.15,2560757
26-11-2018,688,698.75,671,694.5,694.5,2993915
22-11-2018,702.7,710,685.45,690.8,690.8,4031353
21-11-2018,709.7,709.8,684.25,690.65,690.65,3108345
20-11-2018,732.5,732.5,704.05,709.7,709.7,2667937
19-11-2018,730,734.75,724.25,732.55,732.55,2212804
16-11-2018,714.7,732.3,711,728,728,2874046
15-11-2018,702,721.9,697.35,714.9,714.9,4485617
14-11-2018,725,727.9,692.1,700.25,700.25,3367710
13-11-2018,719.95,739.35,718,728.05,728.05,4401141
12-11-2018,707.2,731.35,693.1,724.55,724.55,4696550
09-11-2018,704,711,696.2,707.2,707.2,2573761
07-11-2018,699,699,693,697.25,697.25,111376
06-11-2018,696.35,704.5,691.6,694.55,694.55,1752227
05-11-2018,692,708.7,690.1,696.35,696.35,2782174
02-11-2018,721.6,727.85,687.5,690.9,690.9,4445407
01-11-2018,747,747,714.1,720.7,720.7,3999401
31-10-2018,695,748.8,672.45,743.9,743.9,13010741
30-10-2018,658,692.45,657.9,685.1,685.1,3825436
29-10-2018,663,669.05,644,664.25,664.25,1942428
26-10-2018,655.95,656.9,640.4,653.3,653.3,1397821
25-10-2018,660.75,666.15,649.05,651.4,651.4,2142283
24-10-2018,668,675,646,667.4,667.4,3180852
23-10-2018,676,683.9,666,668.25,668.25,1656193
22-10-2018,688,690,664.65,676.55,676.55,3293136
19-10-2018,710,711.55,688.4,690.8,690.8,2049802
17-10-2018,721,735,717.6,720.5,720.5,3320857
16-10-2018,695,727.6,694.55,718.7,718.7,2889306
15-10-2018,693.5,709.4,681.45,694.55,694.55,4146878
12-10-2018,692.05,702.55,688,693.8,693.8,2727205
11-10-2018,680,702.05,677.65,695.45,695.45,3611423
10-10-2018,692.1,714,691.05,699.3,699.3,3409416
09-10-2018,695,705,690.7,696.1,696.1,2729413
08-10-2018,714.5,719.4,683.65,694.9,694.9,2643927
05-10-2018,718,723.9,695.5,714.5,714.5,4769105
04-10-2018,742.55,742.9,713,719.85,719.85,6561009
03-10-2018,764,780.8,744.4,750.15,750.15,5236214
01-10-2018,749,763.5,741.7,759.55,759.55,2233369
28-09-2018,738,756,725,745.5,745.5,2971384
27-09-2018,748.85,758.95,737.2,746.05,746.05,3479414
26-09-2018,758.55,768.15,739.05,748.85,748.85,3224771
25-09-2018,751.45,772.7,745.1,758.75,758.75,2812964
24-09-2018,740,764,737.55,751.45,751.45,2811682
21-09-2018,765,769.35,693,738.05,738.05,4434535
19-09-2018,757,772,751.2,769.95,769.95,2025718
18-09-2018,769.85,769.85,750,754.7,754.7,2206998
17-09-2018,759.5,772.75,755,767.55,767.55,2233000
14-09-2018,739.9,761.8,721.55,760.45,760.45,3591403
12-09-2018,750,751.9,728.6,739.8,739.8,3934021
11-09-2018,772,773.8,738.45,747.2,747.2,3817364
10-09-2018,774,776.6,758.65,766.25,766.25,2820247
07-09-2018,775,775,764.2,772.2,772.2,2059329
06-09-2018,767,780,756.25,775.05,775.05,3982477
05-09-2018,764.9,779.35,757.25,766.15,766.15,6093648
04-09-2018,751.2,766.9,747.4,763.9,763.9,4488658
03-09-2018,768,776.5,741.5,745.65,745.65,3610990
31-08-2018,734,768.75,731.25,765.8,765.8,7276056
30-08-2018,734.45,737,720.25,731.9,731.9,4304298
29-08-2018,738,741.25,722.45,734.45,734.45,3627848
28-08-2018,740.9,748.9,734.25,736.1,736.1,3782709
27-08-2018,720,742,720,737.95,737.95,2968641
24-08-2018,729.5,737,712.6,718.55,718.55,3625878
23-08-2018,710,738,709,726.65,726.65,11534012
21-08-2018,695,717.1,694.4,709.4,709.4,7918861
20-08-2018,685,697.5,678.25,687.95,687.95,3577624
17-08-2018,666,690,659.4,687.7,687.7,3955484
16-08-2018,675,680.7,664.25,668.65,668.65,3624795
14-08-2018,663,677.5,660.5,672.8,672.8,5529769
13-08-2018,649,667.7,647,659.95,659.95,5306724
10-08-2018,648.85,649.8,634.1,645.95,645.95,3135726
09-08-2018,655,658.5,643.9,646.2,646.2,2146227
08-08-2018,660,666.9,650.5,653.9,653.9,2074919
07-08-2018,670,674.75,652,658.75,658.75,2689721
06-08-2018,662.75,672.95,662.75,667.1,667.1,2226904
03-08-2018,672,674.95,654.75,662.75,662.75,2862463
02-08-2018,678.8,683.35,666.5,669,669,1958340
01-08-2018,684.4,687.5,672.6,681.1,681.1,2887901
31-07-2018,661,684.9,661,680.75,680.75,9680690
30-07-2018,648,658.75,646.3,655.45,655.45,3393232
27-07-2018,632.9,649.65,623.65,645.1,645.1,3040306
26-07-2018,624,634.6,612.4,632.05,632.05,3542338
25-07-2018,644,646.15,627.2,631.35,617.35,2269581
24-07-2018,653.65,654.9,639.1,641.5,627.2749,3855335
23-07-2018,658,660.95,639.5,648.55,634.1686,3696991
20-07-2018,644.1,661.75,643.5,659.45,644.8269,2868824
19-07-2018,646.3,654.95,640,642.2,627.9594,1610766
18-07-2018,650,654.9,640,646.3,631.9684,2568607
17-07-2018,654,664.9,644.55,646.8,632.4574,2658597
16-07-2018,643.95,661.55,638.2,657.3,642.7245,2856991
13-07-2018,647,655,635.5,641.05,626.8349,3194276
12-07-2018,659.3,664,645,647.7,633.3375,3416881
11-07-2018,655,669.8,651.05,654.4,639.8889,5529491
10-07-2018,649,661,645.3,650.75,636.3198,3496172
09-07-2018,640,648.35,637,643.85,629.5728,1990065
06-07-2018,649.7,651.05,633,634.9,620.8213,5193752
05-07-2018,662,663.05,645,646.65,632.3107,2864186
04-07-2018,665.35,665.4,652,654.5,639.9866,2070241
03-07-2018,659.95,666.2,654.3,660.85,646.1958,3506534
02-07-2018,657.95,669.5,640,657.2,642.6268,4422723
29-06-2018,673.9,675.8,634.15,655.45,640.9156,10890801
28-06-2018,716.05,721.75,659.25,664.25,649.5204,8192199
27-06-2018,692,716.9,690,714.25,698.4117,5570107
26-06-2018,695,699.9,682.15,687.85,672.5971,1687463
25-06-2018,692.95,699.9,691,696.15,680.7131,1850829
22-06-2018,686,692.8,679.5,691.15,675.824,1604665
21-06-2018,694.7,702.75,682.2,685.3,670.1036,2599578
20-06-2018,699.9,700.5,688.3,690.55,675.2372,2117024
19-06-2018,708.95,712,694.5,695.75,680.322,2008178
18-06-2018,711,714.15,701.35,710.55,694.7938,1693522
15-06-2018,702.5,712,695.2,707.25,691.567,3273882
14-06-2018,711,717.9,690,698.8,683.3043,4483300
13-06-2018,715,715.1,706.4,713.8,697.9717,2429450
12-06-2018,715.1,718.65,706.3,709.1,693.3759,2200939
11-06-2018,709,721.9,705.5,714.2,698.3629,4023019
08-06-2018,705,721.3,703.5,706.95,691.2736,4572713
07-06-2018,694.5,703.9,683,701.85,686.2867,3166739
06-06-2018,705,706.5,684.3,691.75,676.4106,2793493
05-06-2018,703,714.8,697.35,701.25,685.7,3710175
04-06-2018,698,717,695.4,698.3,682.8154,2864750
01-06-2018,712,721.5,698.2,701.15,685.6022,4585884
31-05-2018,686,717.8,682.45,712.35,696.5538,7789699
30-05-2018,678,691.25,678,687.25,672.0104,3744400
29-05-2018,676.05,686.5,673.25,677.85,662.8188,2684315
28-05-2018,713.95,713.95,662.35,675.25,660.2766,8983562
25-05-2018,714.95,718.7,696,702.75,687.1667,3547180
24-05-2018,700.95,715.9,695.85,711.35,695.576,5914361
23-05-2018,687,707.3,683.25,697.45,681.9843,3516538
22-05-2018,683.6,690.5,675,686.4,671.1793,1797801
21-05-2018,692,695.9,678.25,685.35,670.1525,2342450
18-05-2018,679.8,697.5,671.25,692.95,677.584,4304706
17-05-2018,679,681,666.3,675.8,660.8143,2022339
16-05-2018,671,678.7,669,672.7,657.7831,1690858
15-05-2018,664.6,680,663.3,670.65,655.7786,2427422
14-05-2018,661.6,670,658.25,667.25,652.4539,1436196
11-05-2018,663,671.75,654.2,666.45,651.6717,2880596
10-05-2018,656.65,671.9,656.65,663.6,648.8848,3927593
09-05-2018,653,665.75,648.3,654.1,639.5955,2193797
08-05-2018,663,666.4,651.05,653.35,638.8621,1771130
07-05-2018,671.75,675.5,654.2,657.4,642.8224,2770174
04-05-2018,652.95,665.6,636.45,662.65,647.9559,3162498
03-05-2018,662.55,667,645.9,652.95,638.471,2284475
02-05-2018,674,674,655.5,662.55,647.8582,1745715
30-04-2018,675,684.15,668.1,670.6,655.7296,2639069
27-04-2018,695.05,695.85,668.45,670.5,655.6318,3756249
26-04-2018,681,697,680.65,691.1,675.775,2852323
25-04-2018,685.9,699.95,677,686.4,671.1793,4560558
24-04-2018,695,699.75,680,682.7,667.5613,2728320
23-04-2018,694.55,729.5,690.6,702,686.4334,6998046
20-04-2018,667,706,667,700.5,684.9666,5490181
19-04-2018,662.95,669.25,655.95,665.2,650.4494,2662071
18-04-2018,668.95,674,654.2,656.8,642.2357,1676060
17-04-2018,671,672.5,661.65,668.3,653.4807,1576573
16-04-2018,658.1,682.8,657.5,668.7,653.8718,3931095
13-04-2018,652.55,673.85,641.1,671.55,656.6586,5653116
12-04-2018,636.4,655,634.05,652.8,638.3243,3614281
11-04-2018,626.05,636.8,620.65,633.35,619.3056,2139871
10-04-2018,620.9,629.5,611.5,626.45,612.5587,2085181
09-04-2018,621,622.5,613.25,614.85,601.2159,1427650
06-04-2018,616,622,613.8,618.2,604.4916,1160620
05-04-2018,616.2,620.75,604.55,617.35,603.6604,2809480
04-04-2018,618,622,603.25,606.3,592.8555,2670676
03-04-2018,636.5,638,613.5,615.95,602.2915,3851192
02-04-2018,638.7,646.5,634.1,640.3,626.1015,2095519
28-03-2018,621.2,641,616.65,638.7,624.537,5534298
27-03-2018,625,629.6,619,621.65,607.8651,1135697
26-03-2018,623,628.6,617,620.4,606.6428,1552991
23-03-2018,607.5,625,604.75,623.35,609.5273,3153066
22-03-2018,627,631,616.5,619.05,605.3228,1785067
21-03-2018,635,636.85,621.25,625.85,611.9719,2428150
20-03-2018,605,635.3,603.1,633.4,619.3546,3320421
19-03-2018,634.85,637.4,608,609.9,596.3757,1731324
16-03-2018,634.7,639,627,634.7,620.6257,3741772
15-03-2018,641.7,651.95,627.05,631.85,617.8389,5855371
14-03-2018,617.5,640.75,617.5,639.1,624.9281,3825750
13-03-2018,620,624.95,613.6,619.15,605.4205,2306960
12-03-2018,621.15,636.4,616.7,619.55,605.8116,4336200
09-03-2018,609.7,623.1,606.5,619.2,605.4694,2095483
08-03-2018,615,616.75,603,607.2,593.7355,1858046
07-03-2018,619.8,626.45,606.55,609.05,595.5445,1787149
06-03-2018,631.9,633.9,615,617.25,603.5627,2424505
05-03-2018,608.5,634.9,606.55,630.85,616.8611,4765322
01-03-2018,612.05,615.9,605.55,611.9,598.3313,2226114
28-02-2018,610.2,615,603.85,612.65,599.0647,2113430
27-02-2018,618,618.3,602.45,610.55,597.0112,1905663
26-02-2018,622,627.45,611.05,612.45,598.8691,2923731
23-02-2018,607,624.95,605,621.45,607.6696,3490526
22-02-2018,592,606.45,592,602.6,589.2375,4421727
21-02-2018,581.05,598,566.55,595.2,582.0016,5590807
20-02-2018,575,582.2,569,574.2,561.4673,2273116
19-02-2018,588.75,588.75,563.65,572.45,559.7561,3170119
16-02-2018,610,613.7,581.2,584.35,571.3922,2887255
15-02-2018,615,618.6,604,605.65,592.2199,1676641
14-02-2018,588.5,614.6,588.5,611.5,597.9402,5004415
12-02-2018,598,604.9,586.15,590.35,577.2592,2343988
09-02-2018,601,603,589.4,595.25,582.0505,3481551
08-02-2018,610,622,594.95,608.25,594.7622,2894969
07-02-2018,611.8,617.3,596.95,603.1,589.7264,3653165
06-02-2018,601,621.2,601,606.7,593.2466,3104038
05-02-2018,609.9,631.2,609.4,629.05,615.101,3500770
02-02-2018,604.3,622.5,599.05,619.45,605.7139,3994302
01-02-2018,612.55,619.5,607.05,611.05,597.5001,2479739
31-01-2018,602.8,626.2,597,612.65,599.0647,7244068
30-01-2018,600,611.25,593.2,602.95,589.5798,6290644
29-01-2018,599.05,608.7,595.45,604.8,591.3887,3352495
25-01-2018,604.5,613.45,588.1,598.45,585.1796,5104213
24-01-2018,584.15,612.45,584.15,603.15,589.7753,6672393
23-01-2018,569.15,590.7,564.2,588.25,575.2057,4103152
22-01-2018,550,572.4,549.7,569.5,556.8715,4127554
19-01-2018,553,558.5,547.05,552.9,540.6396,1951962
18-01-2018,560,560,550.25,552.65,540.3951,2158972
17-01-2018,559.95,564.55,553.15,554.9,542.5953,1636201
16-01-2018,548,563,547.3,557.65,545.2843,4791310
15-01-2018,550.95,554.9,542.35,543.75,531.6925,1959669
12-01-2018,550,554.5,548,550.75,538.5373,2790912
11-01-2018,544,555.85,542.7,551.7,539.4662,3485380
10-01-2018,535,544,533.8,542.1,530.079,2748547
09-01-2018,540,540,529,533.85,522.012,1855191
08-01-2018,520.7,542.85,520.7,536.3,524.4077,2795379
05-01-2018,521,527,514.85,525.45,513.7983,1756809
04-01-2018,519.5,525,514,522.55,510.9626,1460097
03-01-2018,516.1,525,515.7,519.45,507.9314,2288877
02-01-2018,503.5,515,503.5,513.95,502.5533,2204383
01-01-2018,501.1,508.7,500.05,503.1,491.9439,1115837
29-12-2017,499.8,505,495.65,504.05,492.8728,1412805
28-12-2017,503.25,508,494.65,497.05,486.028,1943344
27-12-2017,494.5,505.4,491.25,503,491.8461,2160870
26-12-2017,494,497.9,489.6,493.4,482.459,1095301
22-12-2017,490,497.25,488.55,493.45,482.5079,1210792
21-12-2017,497.4,498.45,485.3,490.65,479.77,1483945
20-12-2017,496,496,489.35,492.95,482.019,1690391
19-12-2017,496.45,500,494,495.35,484.3658,2168308
18-12-2017,497,498.5,489,494,483.0457,2175527
15-12-2017,515,518,495,500.75,489.646,7010768
14-12-2017,503,518.15,503,514.25,502.8466,4105304
13-12-2017,499.1,507.8,498.25,503.6,492.4328,2052503
12-12-2017,502,506.6,498.05,501.2,490.086,4481699
11-12-2017,496,504.9,493.7,500.65,489.5482,3215999
08-12-2017,497,499.55,492.7,496.1,485.0991,2534022
07-12-2017,472.3,499.5,471.15,497.3,486.2725,7475829
06-12-2017,466.65,474.7,464.1,472.25,461.778,1952199
05-12-2017,474.8,475.25,462.65,465.4,455.0799,2977968
04-12-2017,472.5,487,465.95,472.8,462.3158,2507080
01-12-2017,490,491.8,469.1,472.9,462.4136,1962459
30-11-2017,492.35,495.5,487.2,489.25,478.401,2729850
29-11-2017,497.1,500.1,492.8,496.55,485.5391,1438175
28-11-2017,499.2,502.8,493.4,499.7,488.6193,2334856
27-11-2017,493,500,491.1,498.75,487.6904,1469508
24-11-2017,490,499,490,494.1,483.1435,1701291
23-11-2017,482.6,493,482.6,489.6,478.7433,1200242
22-11-2017,494,496.2,479.7,482.6,471.8985,1932859
21-11-2017,478,497.75,478,493.85,482.899,2242785
20-11-2017,485.95,487.5,475.5,476.8,466.2271,1527038
17-11-2017,500,501,482.5,484.55,473.8052,2140643
16-11-2017,499,502,488.2,499.9,488.8148,1376234
15-11-2017,486,499.45,485,496.55,485.5391,1718584
14-11-2017,491,495,481.4,487.9,477.081,1426995
13-11-2017,487,502,486.8,490.1,479.2322,2140262
10-11-2017,496,497.75,483.85,491,480.1122,1871915
09-11-2017,492,496,486.85,490.25,479.3788,1803442
08-11-2017,474.85,492.15,474.1,489.9,479.0366,3566147
07-11-2017,462,478.45,461.05,470.5,460.0668,4208801
06-11-2017,462,466.5,458.1,460.45,450.2397,1701924
03-11-2017,469,473.75,461.1,463.45,453.1731,1278344
02-11-2017,481.5,481.95,460.9,467.95,457.5734,5545465
01-11-2017,484.95,498,472.45,488.5,477.6677,3983511
31-10-2017,486,486.6,476.2,482.05,471.3607,1509095
30-10-2017,474.05,488.5,474.05,485.55,474.7831,3746798
27-10-2017,480,480,472,476.4,465.836,1292782
26-10-2017,469,479.9,462,477.25,466.6671,2859405
25-10-2017,455,474.1,454,468.1,457.72,1583314
24-10-2017,463.4,463.8,453.1,454.8,444.7149,850860
23-10-2017,457,465,453.7,463.1,452.8309,1319264
19-10-2017,456.1,460,456.1,458.35,448.1862,128310
18-10-2017,472.35,472.4,457.65,458.45,448.284,1414945
17-10-2017,471.05,475.2,468.95,473,462.5114,787447
16-10-2017,474.85,476.7,470.75,473.8,463.2936,1101381
13-10-2017,474.4,479.9,472.95,476.1,465.5426,2187256
12-10-2017,465.5,475,465.5,474.2,463.6848,1762764
11-10-2017,464,469.9,461.6,467.25,456.8889,1624889
10-10-2017,463,467.8,461.4,466.3,455.9599,1559112
09-10-2017,454,464,454,463.3,453.0264,997113
06-10-2017,454.4,458.1,447,456.85,446.7195,1130586
05-10-2017,464.5,464.7,448.55,450.95,440.9503,1237068
04-10-2017,465.05,468.5,463.35,465.05,454.7376,1673214
03-10-2017,456.8,466.8,456,463.3,453.0264,1901932
29-09-2017,454,459.35,449.55,457.85,447.6973,1412345
28-09-2017,450,458.35,447.35,454.45,444.3727,3555144
27-09-2017,449,458,443.7,449.95,439.9725,1908788
26-09-2017,452,454.15,441.5,447.35,437.4301,886702
25-09-2017,455.25,462.45,449.15,451.95,441.9282,2490162
22-09-2017,457.5,464.25,453,458.4,448.2351,2254484
21-09-2017,449,461.7,448.7,460.25,450.0441,2189490
20-09-2017,450,450,445,448.9,438.9458,755469
19-09-2017,445.9,449,442.5,447.75,437.8213,1001757
18-09-2017,444,451.35,443.3,445.1,435.23,1034355
15-09-2017,437.35,447.9,437.35,444.3,434.4478,1959478
14-09-2017,441,443,436.1,441.4,431.6121,1048243
13-09-2017,441.15,453.7,437.3,440.8,431.0254,2339372
12-09-2017,443,443.95,434,441.4,431.6121,1357481
11-09-2017,435,442.5,433.8,441.5,431.7099,2373479
08-09-2017,426.05,431.7,426.05,430.8,421.2471,1434311
07-09-2017,426.5,429.9,423.15,426.05,416.6024,983408
06-09-2017,425.1,427.2,421,424.6,415.1846,1553072
05-09-2017,418.7,430.6,418.05,427.85,418.3625,3651996
04-09-2017,425,428.7,410.55,416.1,406.8731,3250373
01-09-2017,429,430.25,422.6,423.4,414.0112,1242275
31-08-2017,428.25,432.5,426.2,428.15,418.6559,3782413
30-08-2017,434,436,425.05,425.75,416.3091,2380800
29-08-2017,429.95,433.95,423,431.75,422.1761,3282938
28-08-2017,427.15,436,426.45,427.75,418.2648,1888194
24-08-2017,432,438,425.6,427.7,418.2159,2607190
23-08-2017,440,444.25,427.5,430.2,420.6605,1576891
22-08-2017,434,442.75,432.2,439.35,429.6075,4623000
21-08-2017,429,437,429,431.1,421.5405,2657468
18-08-2017,420.7,436.4,420.7,428.85,419.3404,3610728
17-08-2017,425.2,430.05,421.55,424.4,414.989,3175256
16-08-2017,402.2,425.9,400,419.95,410.6377,5407314
14-08-2017,404,408,400,402.2,393.2813,1213339
11-08-2017,405.5,412.75,401,402.8,393.868,2782291
10-08-2017,393,413.7,393,404,395.0414,4990849
09-08-2017,400,400.35,392.8,393.85,385.1165,1135609
08-08-2017,407,409.45,396.65,398.25,389.4189,2108254
07-08-2017,408.3,414.9,404.2,406.35,397.3393,1312508
04-08-2017,407.6,411.45,406.3,409,399.9305,1957230
03-08-2017,404,408.5,401.05,407.15,398.1216,4650231
02-08-2017,402.6,406.4,396.5,402.05,393.1346,4071990
01-08-2017,405,413.9,400.05,402.45,393.5258,12617014
31-07-2017,381.2,386.55,379.3,385.85,377.2939,1535812
28-07-2017,379.25,383.45,374.25,381.3,372.8448,1712222
27-07-2017,385,387.05,375.75,377.25,368.8846,2627365
26-07-2017,392.1,393.8,386.65,389.35,371.9158,1409292
25-07-2017,399,400.5,390.05,391.1,373.5875,1358932
24-07-2017,395,399.95,394.95,399.05,381.1815,906007
21-07-2017,393.5,398,392.85,394.7,377.0263,964314
20-07-2017,398.7,400.95,390,391.5,373.9696,1411026
19-07-2017,392,398,390.7,396.75,378.9845,1590684
18-07-2017,391.8,396.35,390.15,391.3,373.7785,1584011
17-07-2017,389.5,398.2,389.3,391.85,374.3039,1534113
14-07-2017,390,393,385.55,388.95,371.5338,1034584
13-07-2017,388,391,387.3,389.25,371.8203,940852
12-07-2017,387,389.6,384.65,387.3,369.9576,687924
11-07-2017,384.9,393.3,383.15,385.2,367.9517,2362955
10-07-2017,383,387,382,384.1,366.9009,268891
07-07-2017,375,380.7,375,380,362.9845,1642197
06-07-2017,376.5,379.45,373.1,376.3,359.4502,1964709
05-07-2017,379.25,381,376.2,377.15,360.2621,1461628
04-07-2017,382,384.05,376.35,377.7,360.7875,1328251
03-07-2017,382.05,385.25,378.4,381.25,364.1786,1280684
30-06-2017,387,387,377.4,382,364.895,2365394
29-06-2017,392.25,396,388,388.85,371.4382,1631484
28-06-2017,380.75,394,380,392.25,374.686,1883908
27-06-2017,380.7,384.6,378.7,380.1,363.08,4315500
23-06-2017,388.55,389.7,379.85,380.7,363.6532,1741413
22-06-2017,392.1,394.75,386,386.95,369.6233,918944
21-06-2017,395,396.9,390,390.95,373.4442,1121823
20-06-2017,389.4,395.2,385.65,394.35,376.692,1458439
19-06-2017,390,393.3,386.6,389.45,372.0114,992872
16-06-2017,392,396,388,390.3,372.8233,1473093
15-06-2017,396,396.5,392,393.65,376.0233,1244822
14-06-2017,395,400,392,396.7,378.9367,1895223
13-06-2017,395,395.9,388,393.4,375.7845,1753491
12-06-2017,385,399.9,380,397.3,379.5098,2889773
09-06-2017,396.6,396.6,385,386.8,369.48,2790651
08-06-2017,400.1,402.85,396.3,397.4,379.6054,1811760
07-06-2017,406.8,409.75,393,399.9,381.9934,4041108
06-06-2017,404.05,414.85,399.55,408.65,390.3516,2846306
05-06-2017,400,405,397,402.75,384.7158,1922945
02-06-2017,400,401.9,394.75,399.6,381.7069,4221248
01-06-2017,390,403.9,389.25,397.7,379.892,4032660
31-05-2017,393.1,393.2,386,390,372.5367,3844462
30-05-2017,381.65,389.35,380.95,388.3,370.9128,2800579
29-05-2017,386.25,390,356.65,379.45,362.4592,17135931
26-05-2017,428,434,420.15,429.15,409.9337,2257516
25-05-2017,420,427.9,416.15,426,406.9247,3098044
24-05-2017,416.5,420,414.35,417.15,398.471,2039655
23-05-2017,414,418.65,408.5,415.75,397.1337,4828731
22-05-2017,420,420,411.15,412.35,393.886,2734184
19-05-2017,425,426,414.2,416.15,397.5158,2194511
18-05-2017,429,441.9,420.1,422.3,403.3904,3934861
17-05-2017,443,443.5,429,430.85,411.5576,1754010
16-05-2017,443.4,446.9,441,443.75,423.8799,1820495
15-05-2017,445,445.9,438.15,442.6,422.7814,1080719
12-05-2017,434.75,444.6,434.65,442.25,422.4471,2696277
11-05-2017,432,435.9,426.2,434.75,415.2829,2060011
10-05-2017,428.5,434.3,427.2,430.4,411.1277,2018816
09-05-2017,422.6,432,420.9,426.2,407.1158,4402442
08-05-2017,413.4,423,412,421.15,402.2919,1938018
05-05-2017,418.9,419.4,410.4,413,394.5068,1541496
04-05-2017,420,422.8,416.65,419.1,400.3337,1009112
03-05-2017,419,421.4,418.15,419.85,401.0501,1746287
02-05-2017,420.9,425,416.65,418.15,399.4262,1568455
28-04-2017,425.5,428.8,416,416.95,398.28,1945081
27-04-2017,426.2,428.7,422.5,424.95,405.9218,1450414
26-04-2017,440,441.95,424.1,427.05,407.9277,3721058
25-04-2017,432.5,440.1,429.25,438.15,418.5307,2575089
24-04-2017,430.5,431.3,424.3,429.25,410.0292,1709076
21-04-2017,425,431.8,422.2,427.65,408.5009,2668714
20-04-2017,415,422.8,414.5,420.5,401.671,2818261
19-04-2017,419.5,425.5,412.45,414.3,395.7486,2638642
18-04-2017,422,425.9,416.95,418.9,400.1426,2338492
17-04-2017,429.95,429.95,420.05,421.95,403.0561,2595117
13-04-2017,438,442.8,427.85,429.95,410.6979,1543616
12-04-2017,446.7,447.35,435.55,437.65,418.0531,1728894
11-04-2017,443.1,446.7,440,445.2,425.265,1861086
10-04-2017,445,448.7,441.5,443.05,423.2113,2111378
07-04-2017,447.95,454.55,442.05,443.2,423.3546,3125291
06-04-2017,446.95,448.4,441.3,446.9,426.8889,1926091
05-04-2017,454,456.6,445.45,446.95,426.9367,2902998
03-04-2017,457,459,450.75,453.1,432.8113,1914496
31-03-2017,462,464,454.6,459.15,438.5904,2581903
30-03-2017,459.5,463.5,455.5,461.2,440.5486,4028816
29-03-2017,459,459.9,451.2,458.25,437.7307,3227158
28-03-2017,471.7,471.7,454.65,455.7,435.2949,5722292
27-03-2017,474,477.65,463.2,468.8,447.8083,2457180
24-03-2017,482,482,472,474.15,452.9187,2203312
23-03-2017,476.9,483.5,475.6,482.15,460.5605,3259747
22-03-2017,477,479.5,472.85,475.4,454.1127,2797599
21-03-2017,482,484.5,475.05,476.95,455.5933,4422809
20-03-2017,483,491,480.1,481.9,460.3217,3734239
17-03-2017,485.5,487.8,469.35,484.25,462.5665,5857451
16-03-2017,482,483.85,478.5,481.1,459.5575,4191349
15-03-2017,483.4,484.75,471.6,479.65,458.1724,3941570
14-03-2017,482,485.9,476.2,479.85,458.3635,4483127
10-03-2017,493.5,497.3,474.5,475.8,454.4948,3875776
09-03-2017,493,495.5,487.55,488.95,467.056,1752351
08-03-2017,499.5,503.1,488.1,491.9,469.8739,1430424
07-03-2017,506,507.25,498.6,499.95,477.5634,3221133
06-03-2017,499.8,505.75,494.6,499.95,477.5634,1234125
03-03-2017,501.1,505.35,500,503.7,481.1455,2136886
02-03-2017,503,505.05,497.3,499.9,477.5157,2392413
01-03-2017,488.95,502.2,487.95,499.75,477.3724,1979476
28-02-2017,506,509,488.45,499.4,477.0381,31171453
27-02-2017,500.25,510.05,495,499.8,477.4202,2250245
23-02-2017,508,515,499.8,503.65,481.0977,5868525
22-02-2017,508.5,511.4,503.6,507.95,485.2052,3036464
21-02-2017,500,515.25,500,507.9,485.1574,3268863
20-02-2017,503.55,507.4,497,499.95,477.5634,2610984
17-02-2017,502.3,505,496,503.5,480.9545,1688519
16-02-2017,494.05,505.5,494.05,504.5,481.9097,2591411
15-02-2017,503.25,511.6,489.1,495.65,473.456,2584154
14-02-2017,501,508.55,500.35,504.6,482.0052,2664728
13-02-2017,500,504.7,495.5,499.65,477.2769,1903851
10-02-2017,490,503.5,486,499.9,477.5157,7225481
09-02-2017,477.9,486.75,474.5,485,463.2829,3013021
08-02-2017,470,483.75,468.8,474.6,453.3486,1754215
07-02-2017,480,480,469.1,470.85,449.7664,1794349
06-02-2017,481.05,488.6,471.2,477.5,456.1187,2105323
03-02-2017,464.1,482,464.1,480.45,458.9366,2677019
02-02-2017,449.7,465,440,461.1,440.4531,3771089
01-02-2017,452.25,457,436.45,449.7,429.5635,4061099
31-01-2017,484.7,484.7,425.5,452.2,431.9516,7804620
30-01-2017,467,478,461.2,471.6,450.4829,3024028
27-01-2017,465.4,470.6,463.2,467.1,446.1844,1795089
25-01-2017,470.25,473.75,462.2,465.65,444.7993,3368794
24-01-2017,471.4,473.5,465.4,469.9,448.859,1255925
23-01-2017,465,471.8,460.8,469.7,448.668,1400660
20-01-2017,476,484,466,468.65,447.665,1442119
19-01-2017,480,485.25,477.45,481.4,459.8441,1586512
18-01-2017,488,494.9,481.5,483.65,461.9933,1336551
17-01-2017,488,495,484.7,486.75,464.9545,1233813
16-01-2017,488.25,490.55,479,487.15,465.3366,1258527
13-01-2017,484.2,492.9,481.9,488.5,466.6262,2754723
12-01-2017,475,486.8,472.2,481.2,459.653,1970093
11-01-2017,473.3,478.45,469,474.05,452.8232,2058634
10-01-2017,474.35,475,467.65,473.5,452.2978,1634891
09-01-2017,465.05,477.9,462,473.45,452.2501,1812454
06-01-2017,487.5,487.9,466.2,469.75,448.7157,3307502
05-01-2017,505,507,485.95,488.1,466.244,2295824
04-01-2017,490,504.5,488.55,500.6,478.1843,1989140
03-01-2017,488.7,495,487.2,491.55,469.5396,1006546
02-01-2017,494.5,496.9,486.5,488,466.1485,1203138
30-12-2016,482,493,482,488.9,467.0082,1817123
29-12-2016,471.05,484.45,469.5,482.7,461.0859,2079991
28-12-2016,469,477,469,474.15,452.9187,1658315
27-12-2016,460.5,474,460.05,468.2,447.2351,1061513
26-12-2016,463.25,468.05,460.4,463.6,442.8411,572307
23-12-2016,474,477.45,465.25,467.1,446.1844,942216
22-12-2016,472.3,477.2,464.55,473.95,452.7277,932766
21-12-2016,478,479.6,472.5,474.45,453.2053,667563
20-12-2016,476.9,480.75,473.65,476.75,455.4023,1919780
19-12-2016,474,475.6,470.45,473.35,452.1545,1389090
16-12-2016,481.4,482.1,475,477.15,455.7844,2185723
15-12-2016,475.25,482,468.05,477.45,456.071,3292408
14-12-2016,484,487,473.35,476.65,455.3068,1702307
13-12-2016,470,487.5,467.3,484.55,462.853,1863492
12-12-2016,473.95,474.05,466.7,469.4,448.3814,709914
09-12-2016,467,474.95,465,471.7,450.5784,2017058
08-12-2016,459.9,465.6,457.1,463.75,442.9844,1158682
07-12-2016,468.85,470,453.75,455.6,435.1993,1540255
06-12-2016,463,469.5,462.4,465.45,444.6083,1073627
05-12-2016,467,476.6,459.35,462.4,441.6948,1727408
02-12-2016,477,481.95,471,473.4,452.2023,2450542
01-12-2016,480.05,485.2,471.4,475.05,453.7784,2059534
30-11-2016,487.25,489.8,481.35,485.2,463.4739,2604888
29-11-2016,489.4,494.4,481.3,483.85,462.1844,2029150
28-11-2016,485.95,495.85,482.5,489.35,467.4381,2279428
25-11-2016,461.9,489.5,461.15,487.25,465.4321,4561987
24-11-2016,450.7,464.5,450.1,458.65,438.1127,2574455
23-11-2016,457,458.95,448.05,453.1,432.8113,1950811
22-11-2016,448,455,446.2,453.4,433.0978,2409601
21-11-2016,445.9,452,440.9,447.15,427.1277,2718966
18-11-2016,440,449,437.8,445.3,425.3605,2041621
17-11-2016,447,455,439.5,441.85,422.065,2616362
16-11-2016,434,448,433,443.6,423.7367,9156138
15-11-2016,435,437.2,427.3,430.95,411.6531,6787283
11-11-2016,440,440,428,429.4,410.1725,1161656
10-11-2016,447.5,449.15,435,442.25,422.4471,3301285
09-11-2016,419.9,444,409,434.5,415.0441,4852450
08-11-2016,446.2,455.8,445.35,454.15,433.8142,5501834
07-11-2016,435,449.45,430.55,444.85,424.9307,7039296
04-11-2016,428,434.9,414.8,430.05,410.7934,7835863
03-11-2016,431,432,424,428,408.8352,2159069
02-11-2016,422.25,433.45,422.25,429.8,410.5546,3387397
01-11-2016,436,436,429.55,433.55,414.1367,4643934
28-10-2016,429,444,429,435.65,416.1426,12710319
27-10-2016,423,426.55,412.65,414.1,395.5576,3706854
26-10-2016,434,435,421.95,423.05,404.1068,2685974
25-10-2016,431,437.75,429.3,434.05,414.6143,1684650
24-10-2016,436,438.5,427.6,429.15,409.9337,2292196
21-10-2016,428.85,436.1,422.2,434.1,414.662,4853235
20-10-2016,424.25,429.2,421.2,425,405.9695,2133653
19-10-2016,427.85,436.45,419.1,424.9,405.874,4525016
18-10-2016,408,430.8,405.75,425.1,406.065,7264158
17-10-2016,421,421,405.5,408.55,390.2561,3248168
14-10-2016,423.5,429.65,418,419.1,400.3337,6379695
13-10-2016,421.7,424.7,417.5,422.2,403.2949,2473032
10-10-2016,421.5,424.8,417,421.85,402.9606,997527
07-10-2016,421.9,424.4,417.2,419.75,400.9546,1562901
06-10-2016,425,428.65,419.15,420.75,401.9098,1559084
05-10-2016,431.1,433,423.25,425.3,406.2561,1476240
04-10-2016,424.65,431.9,422.25,428.7,409.5039,2145572
03-10-2016,420,425,418.2,420.7,401.8621,1754766
30-09-2016,435,435,418.7,419.85,401.0501,2210429
29-09-2016,444,444,424.3,427.15,408.0233,4331711
28-09-2016,449,449,439.4,440.5,420.7755,1785763
27-09-2016,446,453.4,446,447.85,427.7964,1306463
26-09-2016,452.05,454.2,446,448.95,428.8471,1027167
23-09-2016,458,458,452.85,454.6,434.2441,2221151
22-09-2016,465,466.8,453.75,454.75,434.3874,2766927
21-09-2016,464,465.75,455.1,461.15,440.5008,2142358
20-09-2016,469,469,460.25,462.2,441.5038,913111
19-09-2016,468.2,474.7,464.35,466.6,445.7068,1134564
16-09-2016,467.4,469,459,465.3,444.465,1477056
15-09-2016,469,471.9,460.8,462.75,442.0292,956858
14-09-2016,466.7,472.6,463.65,466.7,445.8023,1321007
12-09-2016,454,466.4,453,463.85,443.0799,1746181
09-09-2016,458,465.45,451.3,458.3,437.7784,1469794
08-09-2016,465,466.95,455,459.05,438.4948,3145694
07-09-2016,481.2,483.5,470.15,471.85,450.7217,1254946
06-09-2016,470,481.25,467.4,480.05,458.5545,1553926
02-09-2016,469.95,474.2,465.95,471.85,450.7217,1070131
01-09-2016,470,476.4,466.3,469.15,448.1426,1046734
31-08-2016,462,473.8,461.55,468.8,447.8083,1779070
30-08-2016,451.5,464.7,451.2,462.95,442.2202,981748
29-08-2016,462.7,462.7,448.55,449.55,429.4202,797904
26-08-2016,460,463.7,457,459.95,439.3546,857182
25-08-2016,470.2,470.95,455.9,458.1,437.5874,1769817
24-08-2016,467,471.7,463.5,467.05,446.1366,894108
23-08-2016,466.7,474.5,461.5,465.8,444.9426,1617568
22-08-2016,472,474.3,465,466.35,445.468,1107412
19-08-2016,470,477.2,470,473.2,452.0113,3664586
18-08-2016,477.65,478.7,468.25,469.5,448.4769,1005420
17-08-2016,483.1,487,472.2,474.65,453.3963,913427
16-08-2016,490.55,491.75,478.25,482.95,461.3247,2087382
12-08-2016,504,504,488.4,493.35,471.259,3618973
11-08-2016,501,501.9,495.3,500.1,477.7067,1681953
10-08-2016,504,504,491.5,497.2,474.9366,1326514
09-08-2016,505,505.8,495.55,502.5,479.9993,1299439
08-08-2016,496,504.5,496,503.65,481.0977,913042
05-08-2016,502,507.5,493.3,495.05,472.8828,1681614
04-08-2016,498.9,503.9,494.2,499.95,477.5634,793067
03-08-2016,501.2,503.95,493.1,496.9,474.65,1196987
02-08-2016,486,509.7,485.1,499.2,476.847,4792350
01-08-2016,485.2,493,476.1,490.15,468.2023,2125956
29-07-2016,488.95,490.9,482.55,487.95,466.1008,1134853
28-07-2016,498,499,482.1,485.55,463.8082,1867921
27-07-2016,502.1,506.45,501.1,504.25,475.9396,744952
26-07-2016,508,512.75,500,502.5,474.2878,3069751
25-07-2016,505,511.4,502.8,508.4,479.8565,1028518
22-07-2016,507,508.5,504.4,504.9,476.553,1008674
21-07-2016,506,508.5,503.2,505.3,476.9306,528981
20-07-2016,504.25,509.6,504.1,505.35,476.9778,1424321
19-07-2016,506.8,511.9,504.05,507.6,479.1015,1013525
18-07-2016,505.1,509.9,503,506.6,478.1576,1132642
15-07-2016,520.7,523.8,501.9,504.05,475.7508,2417368
14-07-2016,506.95,519.5,506.5,518.15,489.0592,753846
13-07-2016,509,511.5,504.95,506.55,478.1104,1194115
12-07-2016,509.15,511.9,505,507.2,478.724,931824
11-07-2016,505.95,512.4,504.45,508.4,479.8565,729356
08-07-2016,501,507.45,499,502.95,474.7126,733349
07-07-2016,512.8,515,503.5,504.55,476.2227,1036078
05-07-2016,516.8,519,513.05,515.25,486.322,456205
04-07-2016,511,524,510.55,519.1,489.9558,1250195
01-07-2016,508.2,516.55,506.3,511.4,482.6881,715389
30-06-2016,509.1,509.7,502.35,505.75,477.3553,2334281
29-06-2016,504.5,507.25,499.3,504.95,476.6003,1209538
28-06-2016,505,512.6,500.1,501,472.872,1518673
27-06-2016,499,509,499,504.65,476.3171,1135682
24-06-2016,513,516.95,493.55,507.05,478.5823,3567473
23-06-2016,533.1,535,526.65,531.35,501.5181,1027592
22-06-2016,540.8,542,530.55,532.75,502.8394,1211966
21-06-2016,543.9,544.3,533,535,504.9632,1344360
20-06-2016,534,548.85,532.1,544.3,513.741,1592795
17-06-2016,533.1,542,532.3,535.25,505.1991,946013
16-06-2016,537.05,543.35,530.5,533.1,503.1698,1181394
15-06-2016,535,542,530,540.9,510.532,648970
14-06-2016,531.05,537.4,528.5,533.3,503.3586,736886
13-06-2016,534.2,536.4,528.55,534.1,504.1137,852440
10-06-2016,535.7,540.45,530.75,537.55,507.3699,565211
09-06-2016,537.9,537.9,528.3,534.45,504.444,1085142
08-06-2016,540,540,533,535.65,505.5766,739380
07-06-2016,544.9,544.9,533.45,536.3,506.1902,1763517
06-06-2016,550.8,551.9,534.25,539.6,509.3048,1614098
03-06-2016,551.45,557.55,546.15,551.7,520.7255,1706048
02-06-2016,537,552.5,537,546.15,515.4871,1862166
01-06-2016,541,543.2,537.3,540,509.6824,1093756
31-05-2016,544.1,548,536.65,540.35,510.0127,2896981
30-05-2016,535.8,564,535,543.55,513.0331,2901801
27-05-2016,539,541,533.6,535.9,505.8127,1572528
26-05-2016,530,547,520.25,542.3,511.8533,3270866
25-05-2016,499.1,532,494.5,528.5,498.8281,10804773
24-05-2016,476,485.7,464.6,480.25,453.287,2610091
23-05-2016,478.1,481,472.8,476.45,449.7004,1069529
20-05-2016,482.3,489.45,474.85,475.85,449.1341,741237
19-05-2016,484.2,487.5,481.15,484,456.8264,1292336
18-05-2016,481.05,486.25,480,484.75,457.5344,1371699
17-05-2016,489,493.9,481.8,483.8,456.6377,868879
16-05-2016,479,494.9,477.85,486.95,459.6108,1732776
13-05-2016,482,483.5,476.2,479.8,452.8623,1078921
12-05-2016,471.5,484.4,471.5,481.2,454.1837,1123199
11-05-2016,477.9,483.6,471.5,473.9,447.2935,1749723
10-05-2016,479.45,485.6,475.65,482.7,455.5995,2296911
09-05-2016,475.1,480.65,474,478.6,451.7296,827632
06-05-2016,475.2,479,470.4,473.05,446.4912,948747
05-05-2016,466.8,482,465,479.35,452.4375,1484568
04-05-2016,464,471.1,459.7,466.95,440.7337,1379336
03-05-2016,477.2,483.4,465,467.2,440.9697,1721645
02-05-2016,485,485,475.6,477.2,450.4083,1076011
29-04-2016,477,489,476,486.15,458.8557,2295767
28-04-2016,480,483.8,468.2,480.15,453.1926,4152895
27-04-2016,477,484.1,473.4,479.25,452.3431,955123
26-04-2016,472.2,477,465.7,475.5,448.8037,1123091
25-04-2016,481.8,484.7,469.1,472,445.5002,784214
22-04-2016,477.05,487.75,474.6,479.9,452.9567,2058353
21-04-2016,484,486.5,474.1,476.35,449.606,1179377
20-04-2016,480,488.5,476,483.55,456.4017,1450742
18-04-2016,475,482,472.25,476.7,449.9363,1780726
13-04-2016,469.5,472.6,465.9,471.4,444.9339,1062026
12-04-2016,469.75,472.7,460.1,464.45,438.3741,1901106
11-04-2016,455.85,471.4,451,469.6,443.235,1008816
08-04-2016,444.4,457.8,444,455.85,430.2569,2043759
07-04-2016,454.8,459,442.9,444.45,419.497,1891494
06-04-2016,463.5,465.35,448.4,453,427.5669,2671558
05-04-2016,472.5,473,460.1,462.25,436.2976,1430387
04-04-2016,468,474,466.2,470.55,444.1316,1708093
01-04-2016,476,476.05,460,463.1,437.0999,2394963
31-03-2016,475,483,473.2,474.95,448.2846,4630177
30-03-2016,471,478.8,465.75,472.85,446.3025,3203825
29-03-2016,475.1,479.85,464,467.6,441.3472,2044000
28-03-2016,482,485.25,464,474.7,448.0486,3609846
23-03-2016,484,484.65,474.65,479.9,452.9567,1458923
22-03-2016,490.1,492.75,480.2,484.2,457.0152,2064995
21-03-2016,492.45,498.4,486,490.1,462.584,1653354
18-03-2016,488,496,483.15,492.45,464.8021,3064899
17-03-2016,471,490,471,486.75,459.4221,2474194
16-03-2016,457,469.15,456.5,465.8,439.6483,1223337
15-03-2016,472.6,475.25,459,460.3,434.4571,996244
14-03-2016,460,472.3,458,470.2,443.8013,5115313
11-03-2016,467.95,470,455.6,458.05,432.3334,1025718
10-03-2016,469.85,473.2,464.2,466.15,439.9786,3266594
09-03-2016,443.9,467.5,442.1,464.15,438.0909,4030260
08-03-2016,455,459.55,445,448.85,423.6499,2050957
04-03-2016,460,462,449.95,451.25,425.9152,2756908
03-03-2016,459.7,464,452.2,461.75,435.8257,2371409
02-03-2016,438.45,460.75,434.05,455.55,429.9737,2339747
01-03-2016,417,435,416,432.25,407.9819,1570024
29-02-2016,417.5,424,407.4,415.55,392.2195,1555018
26-02-2016,419.25,424.95,411.3,417.75,394.296,1912583
25-02-2016,421.9,423.8,411,416.3,392.9274,2406282
24-02-2016,425,428,418.35,422.05,398.3546,822293
23-02-2016,431.7,432.4,424,428.6,404.5368,1074713
22-02-2016,440.55,441.9,426.55,431.7,407.4628,1155619
19-02-2016,428.6,442.55,426.55,440.5,415.7687,1644603
18-02-2016,434.95,435.9,422.9,429.4,405.2919,1262032
17-02-2016,422.35,431.5,415.15,429.55,405.4335,1169666
16-02-2016,434.95,436.4,419.65,422.85,399.1096,979478
15-02-2016,432.15,439.1,428.1,430.3,406.1414,1888109
12-02-2016,438,439.15,425.25,430,405.8582,1443312
11-02-2016,440.4,443.1,429,431.95,407.6988,1731120
10-02-2016,447.9,447.9,436.75,440.4,415.6743,2686031
09-02-2016,465,467.85,446.45,448.25,423.0836,2352111
08-02-2016,471.5,482,468.2,470.65,444.226,598666
05-02-2016,471.9,476.3,468.1,475.1,448.4261,1196754
04-02-2016,478.9,478.9,465.1,469.45,443.0934,1465102
03-02-2016,471,476.8,465.5,472.2,445.689,2019903
02-02-2016,496,499.35,472.1,474.45,447.8127,5733789
01-02-2016,504.95,518.4,496.15,497.6,469.6629,2717866
29-01-2016,500,505.65,492.95,501.4,473.2495,1583928
28-01-2016,505,509.25,495.9,500.05,471.9753,2091098
27-01-2016,514,515.6,501,503.05,474.8069,2171390
25-01-2016,517,523.75,513.5,514.55,485.6613,689789
22-01-2016,513,516.75,503.7,514.25,485.3781,894565
21-01-2016,508,516.3,506.55,507.35,478.8655,1873696
20-01-2016,507.25,512.8,503.6,507,478.5352,2002842
19-01-2016,518,521.6,510.1,512.5,483.7264,978429
18-01-2016,516,526.95,514.2,517.4,488.3513,1035936
15-01-2016,519,529.95,511.85,520.55,491.3244,1612782
14-01-2016,497,516,494.05,514,485.1422,2022474
13-01-2016,508,512.25,496.75,504.45,476.1283,1431164
12-01-2016,507.95,509.3,498,507.4,478.9127,1836753
11-01-2016,517,517,505.85,507.3,478.8183,1791903
08-01-2016,516,526.25,512.75,522.15,492.8346,1426135
07-01-2016,521.1,522.45,504,510.8,482.1218,2014798
06-01-2016,522,527,520.8,525.1,495.6189,1456740
05-01-2016,516.95,523.3,516.6,521.9,492.5987,1707124
04-01-2016,520.05,521.3,505,516.4,487.4074,2684305
01-01-2016,524.9,524.9,518.5,520.05,490.8525,312042
31-12-2015,523.3,526,520.35,521.65,492.3627,421683
30-12-2015,519.5,528,519.25,525.15,495.6661,1227498
29-12-2015,520.95,522,518,518.95,489.8143,570433
28-12-2015,516.05,520.5,512.4,518.8,489.6726,1083432
24-12-2015,520,521.75,516,516.95,487.9265,453150
23-12-2015,525,525.05,516.6,518.05,488.9648,697224
22-12-2015,524,526.8,518.9,519.55,490.3805,666767
21-12-2015,519.4,524.4,514.05,521.85,492.5514,874232
18-12-2015,525.7,528,521.5,523.25,493.8729,1534964
17-12-2015,525.5,532.15,520.6,530,500.2439,2067366
16-12-2015,522.55,531,520.1,523.35,493.9672,1399927
15-12-2015,548,548,516.6,519.95,490.7581,2697637
14-12-2015,527,545,527,543.65,513.1275,773988
11-12-2015,540,543.9,535.1,536.95,506.8037,926348
10-12-2015,530.4,540.5,523.8,538.75,508.5026,702931
09-12-2015,531,537.5,525.1,527.35,497.7426,1223560
08-12-2015,544.95,546,528.6,530.7,500.9045,1061492
07-12-2015,536,546.5,535.15,544.65,514.0714,788606
04-12-2015,539.95,544.6,534,536.35,506.2373,938866
03-12-2015,539.6,544.5,536,542.6,512.1364,852540
02-12-2015,543,545.6,537.15,540,509.6824,715680
01-12-2015,533,543.1,533,542.15,511.7117,1079295
30-11-2015,534.9,541.2,530,533.45,503.5002,2080681
27-11-2015,529.9,536.85,528.5,534.3,504.3025,772320
26-11-2015,538,544,527.05,529.6,499.8663,3051131
24-11-2015,535.1,543.75,532.45,537.55,507.3699,985303
23-11-2015,536,544.75,535.1,539,508.7386,839938
20-11-2015,534.95,540,531,534.9,504.8688,1126241
19-11-2015,521.5,535.8,520,534.4,504.3969,1214934
18-11-2015,523.5,530.4,515,516.7,487.6906,892774
17-11-2015,516.05,527.75,516.05,523.5,494.1088,2175347
16-11-2015,518,518.55,508,515.95,486.9827,1347660
13-11-2015,520,525.55,518,520.05,490.8525,860928
10-11-2015,532.4,532.95,523.55,524.95,495.4774,860680
09-11-2015,524,534.85,519.05,532.4,502.5091,2136740
06-11-2015,537,537.35,526.15,533.45,503.5002,1218451
05-11-2015,545.5,546.95,532.95,534.95,504.916,1057337
04-11-2015,568,568.5,540.1,542.9,512.4197,3424936
03-11-2015,558.3,563,548.5,556.75,525.4921,1884815
02-11-2015,541,557.5,532.45,556.05,524.8313,1862983
30-10-2015,549,550.25,537.1,539.15,508.8802,879393
29-10-2015,550,556.55,545.15,549,518.1771,3049427
28-10-2015,536.7,554,536.5,549.55,518.6962,1731286
27-10-2015,543.3,544.25,536.1,538.8,508.5498,839550
26-10-2015,540.1,545,539.6,542.65,512.1837,814364
23-10-2015,542.5,547,539,540.1,509.7768,1229160
21-10-2015,548,549.2,535.5,539.45,509.1633,1566054
20-10-2015,544.9,550.3,541,548.1,517.3276,1060182
19-10-2015,545.8,560,534.1,541.6,511.1925,1446786
16-10-2015,550,551.5,543.25,545.8,515.1568,1934451
15-10-2015,549.4,555,539.75,545.3,514.6848,1833925
14-10-2015,559,564.35,545.2,548.05,517.2805,950851
13-10-2015,562,564.85,555.25,561,529.5034,639491
12-10-2015,562.6,570,558,562.75,531.1552,758836
09-10-2015,561.8,568,556.2,561.2,529.6921,1124964
08-10-2015,570,572.8,560.4,563,531.3911,1534024
07-10-2015,566.15,569.65,560.6,566.3,534.5058,1150506
06-10-2015,575,578.85,558,564.75,533.0428,1834106
05-10-2015,564.5,575,561.1,569.9,537.9037,2111594
01-10-2015,558.7,566.5,537.05,563,531.3911,2014882
30-09-2015,575.7,575.7,553.2,557.35,526.0583,2795413
29-09-2015,572.45,576.1,562.6,570.4,538.3757,1765081
28-09-2015,573.35,582,570.2,573.4,541.2073,1603999
24-09-2015,560,570,549.95,567.35,535.4968,1226153
23-09-2015,551,561,540.55,556.1,524.8785,943910
22-09-2015,573.8,577.5,553.35,557.8,526.483,1172885
21-09-2015,553,578.9,549,567.5,535.6385,995389
18-09-2015,545.25,564.35,545.25,561.5,529.9753,1907266
16-09-2015,543.75,547.7,540.7,544.15,513.5994,722804
15-09-2015,528.9,543.4,527.55,540.9,510.532,1366805
14-09-2015,526,529.5,516.05,525.8,496.2797,1784462
11-09-2015,533,539.55,522,525.05,495.5717,873940
10-09-2015,532,537.5,525.6,533.8,503.8305,929833
09-09-2015,547.7,547.7,530.8,533.4,503.453,1271196
08-09-2015,538,543.85,531,537.2,507.0396,1074692
07-09-2015,529,541.15,520,538,507.7947,1222028
04-09-2015,540,547.55,526.1,529.3,499.5831,1438221
03-09-2015,542,552.7,528.05,540.4,510.06,2220020
02-09-2015,519,539.9,514.2,536,505.907,2308033
01-09-2015,510,523.5,506.1,512.3,483.5376,1340532
31-08-2015,516.4,525,512,515,486.086,2104443
28-08-2015,526,529.45,512,516.3,487.313,1642669
27-08-2015,513.5,528,513.5,519.55,490.3805,2967588
26-08-2015,530,532.95,505,507.3,478.8183,2169411
25-08-2015,530,543.5,492.7,528,498.3561,3057676
24-08-2015,549,557.85,519.55,523.65,494.2504,3422600
21-08-2015,554.6,569.15,545.05,563.05,531.4383,1329500
20-08-2015,575,575.75,555.1,558.9,527.5214,2873282
19-08-2015,565.3,565.3,557.05,560.3,528.8427,1599058
18-08-2015,552,564,552,562.45,530.872,2130201
17-08-2015,559.9,564.7,549,551.9,520.9143,2144457
14-08-2015,546,562.2,538,555.05,523.8875,2257748
13-08-2015,557,567.5,543.5,551.3,520.348,2714434
12-08-2015,545,559.25,536.15,557.55,526.2471,3674098
11-08-2015,532.3,545,531,540.65,510.296,1434009
10-08-2015,536.45,542.15,526.85,530.95,501.1406,600681
07-08-2015,534.8,545.4,531.45,535.15,505.1048,1367440
06-08-2015,556,557.05,531.1,533.9,503.925,1547635
05-08-2015,543.9,558.8,542,550.6,519.6873,2640419
04-08-2015,525,549,524.15,542.05,511.6173,2145670
03-08-2015,529,533.5,521.5,523.6,494.2032,811778
31-07-2015,527.9,532,525.45,530.7,500.9045,1229591
30-07-2015,529,532.8,519.4,524.35,494.911,6558111
29-07-2015,523.95,529,522.6,525.55,496.0436,2061983
28-07-2015,522,529.7,517.7,523.55,494.1559,6316959
27-07-2015,511,525,508.1,519.55,490.3805,4208795
24-07-2015,498.5,514.95,495,511.05,482.3578,2285622
23-07-2015,506.9,512.3,499,500.05,471.9753,2670981
22-07-2015,510.5,513.45,497.7,510.15,475.8452,2086049
21-07-2015,502.9,520.5,499.75,509.4,475.1456,3506058
20-07-2015,502.5,504.2,491.35,500.8,467.1239,3004605
17-07-2015,493.95,505.8,493,502.15,468.3831,5006283
16-07-2015,483.4,495.75,480.2,491.8,458.7291,2547683
15-07-2015,478,485,477.55,479.95,447.676,1691337
14-07-2015,478.95,481,475,476.9,444.8311,2094711
13-07-2015,474.05,477,469.6,475.8,443.805,2244361
10-07-2015,478,478,469,474,442.1261,1847909
09-07-2015,474,478.9,471.1,474.3,442.4059,2410385
08-07-2015,469.8,472.75,460.3,470.3,438.6749,3449261
07-07-2015,465,476.7,464.55,471.4,439.7009,2972045
06-07-2015,465,469.65,458.5,464.55,433.3115,2655385
03-07-2015,480,482,469,471.6,439.8875,2800735
02-07-2015,489,489.9,477.35,479.3,447.0697,2751848
01-07-2015,476.65,488.35,475.8,486.15,453.459,4380793
30-06-2015,475,491.7,472,477.8,445.6705,12372399
29-06-2015,515,517.6,467.1,483.35,450.8474,11484481
26-06-2015,528.85,535.8,520.05,521.8,486.7117,3503690
25-06-2015,544,545.45,528,529.8,494.1738,5294305
24-06-2015,553,553,541.15,545.3,508.6315,3296386
23-06-2015,552,558.6,548.65,553.6,516.3734,760738
22-06-2015,545,552.5,543.05,551.45,514.3679,1939726
19-06-2015,544.95,550.6,542.05,544.15,507.5588,2307788
18-06-2015,547.2,549.65,540.1,541.2,504.8072,3012586
17-06-2015,553.5,556.4,546.2,549.15,512.2227,1913683
16-06-2015,555,555,546.35,551.45,514.3679,1591051
15-06-2015,551,561,546,554.05,516.7931,1749558
12-06-2015,552,558.5,543.4,551.45,514.3679,1974142
11-06-2015,555.3,564.3,552.4,557.55,520.0577,2140594
10-06-2015,540.5,558.8,540.5,556.3,518.8918,2135795
09-06-2015,549.45,550.9,519.05,540.5,504.1543,3680213
08-06-2015,554.9,555.45,546.4,550.55,513.5285,1412942
05-06-2015,558,559,551,553.5,516.2802,1385964
04-06-2015,551.85,559.8,548,557.25,519.7779,2352012
03-06-2015,552.9,554.8,540.05,547.35,510.5436,3675701
02-06-2015,551,557.9,544.25,549.4,512.4558,2276829
01-06-2015,559,559,548,550.6,513.5751,1842699
29-05-2015,549.95,556.9,546.9,554.4,517.1196,4961544
28-05-2015,550,559.9,541,545.1,508.445,11498735
27-05-2015,576.25,578.6,545.1,549.1,512.176,22929044
26-05-2015,630,653.75,629,640.25,597.1967,2608856
25-05-2015,664.85,668.9,630.65,648.45,604.8453,1795055
22-05-2015,654.9,669,648,667.05,622.1945,1589768
21-05-2015,643.15,659.5,641,655.6,611.5145,2427489
20-05-2015,620.95,643,620.95,640.8,597.7097,2353164
19-05-2015,612,623.95,609.3,619.25,577.6088,1760702
18-05-2015,616.4,621,605,612.6,571.4059,2241358
15-05-2015,612.55,621.95,612.1,618.35,576.7693,1245727
14-05-2015,615,617.45,606.7,615.45,574.0643,1443799
13-05-2015,620.95,622,611.05,616.35,574.9037,2839628
12-05-2015,633,638.8,612.05,616.2,574.7639,2539734
11-05-2015,625,639.9,618,631.3,588.8484,2019842
08-05-2015,622,624.9,616,621.4,579.6142,1400231
07-05-2015,602,618,600,614.25,572.945,1954517
06-05-2015,612,616.35,600,608.9,567.9547,3148933
05-05-2015,617,620,604.85,609.95,568.9343,2826920
04-05-2015,622.9,624.85,603,611.75,570.6132,2859253
30-04-2015,616,625.8,598.3,621.35,579.5675,2983762
29-04-2015,608,626.85,602.1,616.9,575.4169,1729917
28-04-2015,587.9,612,580,608.6,567.6749,1776573
27-04-2015,591.1,596.45,565.1,587.25,547.7606,4643882
24-04-2015,611.7,614.7,578.1,587.5,547.9938,3375425
23-04-2015,632.3,637.3,611.15,615.2,573.8311,3887545
22-04-2015,635,635.9,622.6,629.8,587.4494,3464944
21-04-2015,624.05,644.25,622,637.5,594.6315,1504719
20-04-2015,641,641,622.5,632.3,589.7813,2301636
17-04-2015,652,653,634.15,641.05,597.9428,2224178
16-04-2015,662.7,664.25,644.5,656.05,611.9341,1850395
15-04-2015,664.4,671.65,656,659.85,615.4786,3785304
13-04-2015,664.7,674.4,650.65,664.4,619.7227,1357726
10-04-2015,670.8,673.45,655,660.2,615.8051,1675314
09-04-2015,679.9,680.6,662.8,670.4,625.3193,1882337
08-04-2015,656.95,676,656,672.3,627.0914,3505745
07-04-2015,646.35,656,644.95,652.85,608.9493,1922672
06-04-2015,635.1,647.5,635.1,643.35,600.0881,5050758
01-04-2015,630.5,638.7,629,632.7,590.1544,4892589
31-03-2015,633.1,639.6,626.5,629.7,587.3561,3125329
30-03-2015,647.9,652.75,618.65,626.95,584.791,3887546
27-03-2015,654,661.4,639,645.9,602.4668,3223159
26-03-2015,656,665,648.15,651.15,607.3637,3774322
25-03-2015,663,663,651,656.35,612.2141,3053431
24-03-2015,661,667.5,652,659.65,615.2921,3793847
23-03-2015,684,685.45,650.2,656.8,612.6337,3672301
20-03-2015,688.95,690,673,678.3,632.688,3616042
19-03-2015,695,700.9,685,687.15,640.9429,5621879
18-03-2015,718.5,720,697.5,700.125,653.0454,15227544
17-03-2015,711,720.45,707.725,715.725,667.5964,5144028
16-03-2015,709.5,710.112,703.75,706.987,659.4459,4702048
13-03-2015,719.5,719.5,702,704.6,657.2194,2839984
12-03-2015,734.588,735.013,713.062,714.25,666.2205,4443664
11-03-2015,710.025,735.938,703.75,730.412,681.2957,5020084
10-03-2015,688.362,711.5,688.362,709.95,662.2097,2513260
09-03-2015,715.5,715.5,695.25,702.838,655.576,2569948
05-03-2015,720,728.2,712.775,719.537,671.152,1725044
04-03-2015,727.5,734.75,716.4,719.875,671.4673,2200520
03-03-2015,720.5,728.4,708.763,727.125,678.2297,2013832
02-03-2015,719.7,723.75,712.213,715.013,666.9322,1640164
27-02-2015,688.237,712.5,685.425,708.938,661.2657,2109468
26-02-2015,693.7,693.7,685,687.025,640.8264,4260476
25-02-2015,701.25,702,688.05,690.638,644.1964,2624308
24-02-2015,697.513,702.013,695.25,697.825,650.9001,1746308
23-02-2015,702.5,710.5,690.575,694.688,647.974,2152512
20-02-2015,702.5,706.588,698.562,702.55,655.3073,1555608
19-02-2015,725,725,706.275,707.537,659.959,2996608
18-02-2015,719.75,728.75,714.25,723.062,674.44,4645928
16-02-2015,723.75,736.987,722.938,724.888,676.1431,1739352
13-02-2015,730,730.6,720.575,721.638,673.1118,1367488
12-02-2015,715,728.75,711.4,727.325,678.4163,1398956
11-02-2015,692.5,714.5,692.463,710.438,662.6649,2885288
10-02-2015,701.25,701.65,687.125,690.625,644.1842,2848392
09-02-2015,710,718.5,702.775,705.112,657.6971,1355964
06-02-2015,717.5,730.237,712.487,715.088,667.0022,1711276
05-02-2015,712.775,725.237,711.25,716.938,668.7278,1602784
04-02-2015,731.25,731.25,710.025,713.062,665.1125,1751448
03-02-2015,729.75,731.25,717.5,729.787,680.7128,2436904
02-02-2015,743,748.775,718.037,723.763,675.0939,7806000
30-01-2015,732.75,747.875,709.287,717.125,668.9023,4703872
29-01-2015,719.5,732.5,718.75,726.1,677.2737,3780160
28-01-2015,701.575,721.25,701.575,718.338,670.0337,2378628
27-01-2015,694.963,704.975,690.125,704.162,656.8109,1976488
23-01-2015,692.713,701,690,695.188,648.4403,1997508
22-01-2015,699.175,701.25,687.25,689.525,643.1581,2468964
21-01-2015,700.25,703.975,696.95,699.125,652.1127,2102312
20-01-2015,698.763,704.987,698.763,700.45,653.3484,1248036
19-01-2015,703.75,705,695.775,700.062,652.9866,1066204
16-01-2015,696.25,704.987,692.65,704.237,656.8809,3840948
15-01-2015,699.263,700,691.775,695.45,648.6848,2348088
14-01-2015,691,698.987,687.875,697.888,650.9588,1642216
13-01-2015,691,693.05,683.75,690.275,643.8578,3020512
12-01-2015,674.25,689.75,671.25,688.5,642.2021,3457052
09-01-2015,642,672.475,642,670.088,625.0283,3004040
08-01-2015,632,644.975,632,641.662,598.5137,1760940
07-01-2015,636.25,643.7,628.3,631.1,588.6619,1331532
06-01-2015,638.763,642.25,628.838,634.062,591.4248,1959932
05-01-2015,650,654.925,638.75,640.938,597.8383,770804
02-01-2015,646.75,654.75,646.75,651.812,607.9812,1025204
01-01-2015,647.25,653.362,645.188,648.638,605.0206,489388
31-12-2014,655,655.713,646.25,648.388,604.7874,1329576
30-12-2014,647.6,657.6,647.5,652.912,609.0072,1233104
29-12-2014,640.5,648.5,640.5,647.438,603.9012,721036
26-12-2014,632.25,642.5,625.275,641.675,598.5258,882336
24-12-2014,643.237,643.237,625.912,629.4,587.0762,3103100
23-12-2014,648.75,653.987,637.737,643.188,599.9371,997612
22-12-2014,645,652.338,636.35,648.612,604.9963,1311992
19-12-2014,641.325,651.638,640.513,644.85,601.4873,1863828
18-12-2014,624.75,639.487,618.2,637.35,594.4916,1215440
17-12-2014,635.025,640.487,615.35,623.938,581.9815,1571076
16-12-2014,619.25,645.737,619.25,633.638,591.0293,2944652
15-12-2014,640,642.25,622.138,623.938,581.9815,2821872
12-12-2014,650.25,654.975,644.763,647.138,603.6215,1372812
11-12-2014,639.025,657.213,639.025,654.688,610.6638,1667116
10-12-2014,651.25,656.688,638.75,642.875,599.6451,1716748
09-12-2014,650.25,657.263,647.987,653.037,609.1238,1537048
08-12-2014,654.5,655.5,646.25,653.2,609.2758,1163392
05-12-2014,672.987,672.987,652.525,654.537,610.5228,1689756
04-12-2014,673.513,676.25,663.138,669.812,624.7708,1318264
03-12-2014,665,674.4,663.112,673.15,627.8844,1829004
02-12-2014,660.5,669.725,660.25,664.35,619.676,1221536
01-12-2014,661.263,664.85,660,663.263,618.6622,1340856
28-11-2014,663,667.25,657.75,660.013,615.6307,1236440
27-11-2014,665,665,656.25,661.562,617.0756,1402944
26-11-2014,653.75,663.463,650.287,661.775,617.2742,1119612
25-11-2014,665,672.25,651.75,655.1,611.048,2313100
24-11-2014,668.763,673.188,661.838,665.325,620.5855,1475164
21-11-2014,682.5,683.5,665.513,669.088,624.0955,3280004
20-11-2014,661.725,679.5,655.412,676.425,630.939,3592256
19-11-2014,650,661.112,645.125,656.812,612.645,1765724
18-11-2014,652.112,653.737,643.075,649.112,605.4627,1547480
17-11-2014,657.5,659.5,644.513,649.037,605.3927,1741444
14-11-2014,664.35,669.5,656.2,659.5,615.1522,1339388
13-11-2014,659.5,665,649.5,661.25,616.7845,1560076
12-11-2014,654,664.25,652.763,655.112,611.0592,2148172
11-11-2014,659.25,665.975,653.825,657.5,613.2867,1817552
10-11-2014,664,665,651.25,658.525,614.2428,1840376
07-11-2014,646.25,666.225,646.25,662.912,618.3348,3481492
05-11-2014,642.537,661.725,633.188,652.65,608.7629,3268284
03-11-2014,629.5,649.75,628.325,645.088,601.7093,3487236
31-10-2014,624.5,630.9,620.787,629.425,587.0995,1993268
30-10-2014,615,628,613.062,619.888,578.2039,9863780
29-10-2014,596.25,601.725,588.325,599.237,558.9415,3175384
28-10-2014,580.25,595,580.25,592.812,552.9486,4710340
27-10-2014,589,592.5,580.088,581.6,542.4905,1630816
22-10-2014,587.438,591.812,580.75,583.688,544.438,2513140
21-10-2014,572.525,587,570.3,582.675,543.4933,1495492
20-10-2014,577.425,579.975,562.75,574.013,535.4137,2540512
17-10-2014,573.75,584.138,541.5,568.25,530.0382,7714064
16-10-2014,595.225,597.725,571.013,576.338,537.5824,3497976
15-10-2014,593.025,593.025,593.025,593.025,553.1473,0
14-10-2014,592.5,595.85,587.025,593.025,553.1473,2960960
13-10-2014,585.5,596.2,581.75,592,552.1912,4106676
10-10-2014,581.25,596.075,577.825,584.763,545.4409,4513560
09-10-2014,599.025,606,576.675,584.112,544.8336,7460188
08-10-2014,628.5,628.75,586.25,599.05,558.7671,5465380
07-10-2014,629.25,635.875,625.275,628.525,586.2601,1830552
01-10-2014,617.513,635.125,617.513,630.2,587.8225,2554252
30-09-2014,622.5,624.6,613.925,622.425,580.5703,1766360
29-09-2014,619.987,626.25,615.75,621.662,579.8585,885952
26-09-2014,625.75,632.5,617,618.312,576.7339,1414720
25-09-2014,622.125,631.25,622.125,625.487,583.4264,3073644
24-09-2014,618.75,626.162,613.75,621.263,579.4864,1275440
23-09-2014,620,628.513,611.65,618.45,576.8625,2117928
22-09-2014,619.562,622.237,613.75,617.3,575.7899,615060
19-09-2014,610,623.838,609.013,619.562,577.8998,3422044
18-09-2014,605,609.45,599.263,606.525,565.7394,1757388
17-09-2014,607.5,610.625,604.25,606.2,565.4364,1593768
16-09-2014,612.775,619.6,602.75,605.812,565.0744,1373812
15-09-2014,607.775,618.888,607.013,617,575.5101,1436064
12-09-2014,611.25,615.15,605.612,611.438,570.3221,1156840
11-09-2014,611.25,613.75,600.263,610.975,569.8903,1847676
10-09-2014,612.25,618.737,607.75,611.088,569.9957,1050500
09-09-2014,621.75,621.75,608.75,609.75,568.7476,1687300
08-09-2014,623,624.8,615,621.925,580.1039,1170068
05-09-2014,619.475,630.8,615,617.062,575.5679,1715668
04-09-2014,610.787,618.125,606.938,617.125,575.6267,1344788
03-09-2014,601.5,612.5,600.15,610.787,569.7148,1904628
02-09-2014,595.362,605.2,589.6,601.662,561.2035,1714096
01-09-2014,586.263,595.375,586.263,592.963,553.0894,1056464
28-08-2014,585.025,594.375,582.5,590.75,551.0253,4039112
27-08-2014,587.338,590.412,580.775,582.4,543.2368,2040288
26-08-2014,577.75,591.125,577.75,588.338,548.7755,2520348
25-08-2014,578.5,579.912,576.75,578.412,539.5169,2411252
22-08-2014,557.5,581.75,556.275,576.612,537.838,2949260
21-08-2014,556.987,561.75,556.25,559.062,521.4681,1916544
20-08-2014,552.525,556.25,548.25,555.425,518.0756,3033864
19-08-2014,551.5,553.75,547.5,552.787,515.6151,1916104
18-08-2014,537.5,552.05,533.425,550.65,513.6217,1574388
14-08-2014,539.975,544.362,535.625,537.675,501.5193,1217764
13-08-2014,542.5,543.737,535.25,536.975,500.8663,2036336
12-08-2014,544.5,544.5,537.5,541.4,504.9937,1044036
11-08-2014,551.25,551.5,539.125,540.3,503.9677,1317556
08-08-2014,551.75,556.237,544.213,547.162,510.3683,2032508
07-08-2014,550,557.875,542.95,552.688,515.5227,1936348
06-08-2014,550,553.312,542.55,551.213,514.1469,1820816
05-08-2014,542.5,547.5,538.75,546.925,510.1472,1626824
04-08-2014,532.5,545,527.287,541.775,505.3436,3036296
01-08-2014,510,533.963,507.538,531.812,496.0505,7392920
31-07-2014,543,543.725,534.025,537.65,501.4959,9444104
30-07-2014,544.5,547.1,536.5,540.35,504.0143,1987956
28-07-2014,545.475,549.625,541.775,547.763,510.9289,1591140
25-07-2014,541.875,545.5,532.875,544.175,507.5822,1562068
24-07-2014,539.25,548.125,538.862,544.662,489.3813,1842172
23-07-2014,536.25,539.975,532.525,537.575,483.0136,1892776
22-07-2014,530,536.05,525.525,533.838,479.6559,1130700
21-07-2014,531.5,534.362,526,527.287,473.7698,1003220
18-07-2014,526.5,534.75,526.5,530.45,476.6118,1426672
17-07-2014,520,529.237,518,525.112,471.8156,1460288
16-07-2014,517.475,522.963,514.275,519.362,466.6491,1701596
15-07-2014,509.75,519.725,509.75,515.688,463.348,1056720
14-07-2014,512.5,515.375,505,509.65,457.9228,1020688
11-07-2014,512.5,521.5,506.862,512.475,460.4612,1783152
10-07-2014,513.275,515,500,505.362,454.0701,3417100
09-07-2014,526.425,527.425,513.5,516.838,464.3813,1698812
08-07-2014,539.625,539.625,520.312,526.425,472.9953,2877452
07-07-2014,534.237,537.487,529.5,534.325,480.0935,2532544
04-07-2014,532.25,533.237,525.5,528.975,475.2865,1164380
03-07-2014,529.5,538.725,526.25,528.362,474.7357,2628796
02-07-2014,532,532,522.1,525.175,471.8721,2511296
01-07-2014,537.5,541.6,525,527.225,473.7141,5962584
30-06-2014,531.875,540.425,530.25,538,483.3954,6308064
27-06-2014,512.5,533.875,512.5,531.425,477.4878,4967764
26-06-2014,505.5,514.5,504.987,511.8,459.8546,3502040
25-06-2014,498.638,505.5,498.612,504.55,453.3405,2773580
24-06-2014,501.5,501.75,496.788,498.638,448.0285,951432
23-06-2014,502.5,504.663,498.15,500.638,449.8255,1071016
20-06-2014,503,511.25,497.212,502.263,451.2856,1446776
19-06-2014,503.925,512.412,500.538,507.638,456.1151,2268420
18-06-2014,505.5,509.25,500.938,502.962,451.9137,1263288
17-06-2014,507.5,510.888,503.25,506.763,455.3289,1480304
16-06-2014,505.225,511.25,500.25,505.663,454.3405,2919528
13-06-2014,497.5,507.3,495.487,505.337,454.0476,2117324
12-06-2014,506,507.5,497.5,499.7,448.9828,2975516
11-06-2014,503.25,512.05,502.675,504.763,453.5319,4282500
10-06-2014,492,506.25,490.3,501.038,450.1849,5324376
09-06-2014,473.75,497.288,473.75,488.938,439.313,3511524
06-06-2014,478.5,480.75,469.75,477.538,429.0701,1984008
05-06-2014,467.025,480.25,467.025,476.1,427.778,2567424
04-06-2014,474.75,485.8,470.225,471.525,423.6674,6500784
03-06-2014,473,478.562,471.712,475.3,427.0592,2552716
02-06-2014,482.812,484.5,470.062,473.975,425.8687,2151900
30-05-2014,467.275,484.75,467.275,480.75,431.9561,5580708
29-05-2014,472.5,476,464.6,469.438,421.7922,6109444
28-05-2014,461.775,474.225,461.775,471.712,423.8354,4078172
27-05-2014,447.55,465.5,447.55,463.612,416.5575,4400452
26-05-2014,450,457.125,445,451.35,405.5401,2282744
23-05-2014,437.75,451.5,434.5,446.587,401.2605,3266264
22-05-2014,436.25,441.175,435.013,436.962,392.6124,2339980
21-05-2014,442.75,445.925,433.75,436.625,392.3096,4090308
20-05-2014,435,451.138,432.5,442.763,397.8246,3493332
19-05-2014,459,459,432.663,434.688,390.5691,21047348
16-05-2014,461.25,465,441.263,455.638,409.3928,9898872
15-05-2014,460.562,468.275,453.65,457.562,411.1216,4349324
14-05-2014,457.5,463,450,459.4,412.773,2603540
13-05-2014,450,458.625,449.025,455.638,409.3928,2272692
12-05-2014,444.75,450,441.525,448.6,403.0692,2550420
09-05-2014,433.75,445.975,433.75,444.112,399.0367,1520704
08-05-2014,433.25,440,431.663,436.325,392.04,2097408
07-05-2014,449.5,451.25,431.663,434.112,390.0516,2861884
06-05-2014,452.55,455.5,445.6,450.35,404.6415,1698704
05-05-2014,458.75,461.913,452.65,455,408.8195,1680004
02-05-2014,457.5,462.5,455.025,459.4,412.773,1522832
30-04-2014,459.413,464.5,455,458.038,411.5493,2315740
29-04-2014,456.75,464.75,451.925,461.575,414.7273,3228552
28-04-2014,453.5,459.7,449.375,456.312,409.9984,2686628
25-04-2014,438,453,437.25,451.188,405.3945,2664884
24-04-2014,441.25,441.25,441.25,441.25,396.4651,0
23-04-2014,441.25,446.5,438.875,441.25,396.4651,3186596
22-04-2014,442.75,447,441.538,443.425,398.4194,2232556
21-04-2014,447.487,448.325,441.888,443.5,398.4868,2115596
17-04-2014,437.5,445.188,436.25,442.95,397.9926,2343092
16-04-2014,442.5,444.25,434.763,437.65,393.2305,3022520
15-04-2014,436.25,442.75,433.3,441.05,396.2854,5604608
11-04-2014,425,437.475,419.087,434.888,390.7489,9009652
10-04-2014,434.438,434.5,425,427.05,383.7064,6020084
09-04-2014,449,451.75,433.125,434.438,390.3445,6646300
07-04-2014,451.5,452.737,446.75,448.25,402.7547,1867688
